In_Sample_Start_Date,In_Sample_End_Date,Out_Sample_Start_Date,Out_Sample_End_Date,Training Objective,Testing Result,THREE_VO_STRAT_OUTSAMPLE,SEVEN_VO_SINGLE_BRACKET,ONE_VO_STRAT_SINGLE,CUSTOM_STRAT_FOURTEEN_VO_SRT,SINGLE_STOCHASTIC_STR,BRACKET_ORDER_STOCHASTIC_STR,CUSTOM_STRAT_THIRTEEN_V1_SRT,BRACKET_ORDER_STR,CUSTOM_STRAT_FIFTEEN_VO_SRT,CUSTOM_STRAT_ELEVEN_VO_SRT,CUSTOM_STRAT_NINE_VO_SRT,CUSTOM_STRAT_THREE_VO_SINGLE,CUSTOM_STRAT_VO_SINGLE,BRACKET_ORDER_SG,GL_FCPO_D_000003_V0_SINGLE_OUTPUTSAMPLE
2000-01-04,2001-12-03,2001-12-04,2001-12-17,0.5034999999999922,-0.022308103930078982,0.0,0.0,0.0,1.0,0.0,0.0,5.0,0.0,2.0,1.0,4.0,0.0,2.0,0.0,0.0
2000-01-18,2001-12-17,2001-12-18,2001-12-31,0.5034999999999953,0.1110674357079986,1.0,0.0,3.0,0.0,0.0,0.0,1.0,0.0,5.0,2.0,0.0,0.0,3.0,0.0,0.0
2000-02-01,2001-12-31,2002-01-01,2002-01-14,0.49174999999998614,0.19843937125017186,0.0,5.0,2.0,0.0,0.0,1.0,0.0,0.0,1.0,4.0,0.0,1.0,1.0,0.0,0.0
2000-02-15,2002-01-14,2002-01-15,2002-01-28,0.4374991041014784,-0.1091462631401505,0.0,0.0,0.0,0.0,0.0,4.0,2.0,0.0,5.0,1.0,0.0,2.0,0.0,0.0,1.0
2000-02-29,2002-01-28,2002-01-29,2002-02-11,0.43749692107455973,-0.26346021597264513,0.0,0.0,1.0,0.0,1.0,0.0,2.0,1.0,0.0,4.0,2.0,0.0,4.0,0.0,0.0
2000-03-14,2002-02-11,2002-02-12,2002-02-25,0.46440893348075496,-0.03419693005897961,0.0,0.0,1.0,1.0,1.0,0.0,5.0,1.0,2.0,2.0,1.0,0.0,0.0,0.0,1.0
2000-03-28,2002-02-25,2002-02-26,2002-03-11,0.408556028549126,-0.10655147287046987,1.0,4.0,0.0,2.0,1.0,2.0,0.0,1.0,1.0,1.0,0.0,0.0,2.0,0.0,0.0
2000-04-11,2002-03-11,2002-03-12,2002-03-25,0.42880697922247835,0.2569862615086078,0.0,0.0,0.0,1.0,3.0,0.0,0.0,0.0,1.0,3.0,0.0,1.0,5.0,0.0,1.0
2000-04-25,2002-03-25,2002-03-26,2002-04-08,0.4222606830309834,0.31985276245224464,0.0,1.0,3.0,1.0,0.0,0.0,4.0,1.0,0.0,0.0,0.0,5.0,0.0,0.0,0.0
2000-05-09,2002-04-08,2002-04-09,2002-04-22,0.29666368948971117,0.9912689387601157,1.0,0.0,4.0,3.0,0.0,0.0,2.0,0.0,1.0,3.0,0.0,1.0,0.0,0.0,0.0
2000-05-23,2002-04-22,2002-04-23,2002-05-06,0.33115176312394956,-0.06925900871630303,0.0,0.0,2.0,0.0,0.0,5.0,2.0,2.0,0.0,0.0,0.0,2.0,0.0,1.0,1.0
2000-06-06,2002-05-06,2002-05-07,2002-05-20,0.3311480087409614,1.052394516069639,2.0,4.0,0.0,1.0,1.0,1.0,0.0,4.0,0.0,0.0,0.0,1.0,0.0,1.0,0.0
2000-06-20,2002-05-20,2002-05-21,2002-06-03,0.39630691986149497,1.0415702734985004,1.0,0.0,0.0,0.0,0.0,0.0,5.0,1.0,2.0,0.0,1.0,0.0,4.0,0.0,1.0
2000-07-04,2002-06-03,2002-06-04,2002-06-17,0.41369328354790924,-0.5746317873516729,2.0,2.0,2.0,1.0,0.0,1.0,0.0,0.0,5.0,1.0,0.0,0.0,0.0,0.0,1.0
2000-07-18,2002-06-17,2002-06-18,2002-07-01,0.41369113785747524,1.0319085352169468,0.0,0.0,0.0,1.0,0.0,4.0,2.0,4.0,0.0,0.0,1.0,0.0,1.0,0.0,2.0
2000-08-01,2002-07-01,2002-07-02,2002-07-15,0.48703863432454186,-1.216523396275562,0.0,0.0,0.0,0.0,2.0,2.0,1.0,5.0,1.0,1.0,0.0,1.0,1.0,0.0,1.0
2000-08-15,2002-07-15,2002-07-16,2002-07-29,0.4687447068453341,-0.3723204861310052,2.0,0.0,1.0,0.0,1.0,2.0,1.0,2.0,3.0,1.0,1.0,1.0,0.0,0.0,0.0
2000-08-29,2002-07-29,2002-07-30,2002-08-12,0.3463538892785172,-0.049461603705068885,0.0,1.0,1.0,1.0,0.0,2.0,3.0,2.0,1.0,2.0,0.0,0.0,2.0,0.0,0.0
2000-09-12,2002-08-12,2002-08-13,2002-08-26,0.44453282026665314,0.3108080046005115,2.0,2.0,1.0,0.0,0.0,1.0,0.0,1.0,4.0,0.0,3.0,1.0,0.0,0.0,0.0
2000-09-26,2002-08-26,2002-08-27,2002-09-09,0.24469778646814044,0.05650673486735274,1.0,0.0,0.0,0.0,1.0,3.0,0.0,2.0,2.0,2.0,1.0,1.0,1.0,1.0,0.0
2000-10-10,2002-09-09,2002-09-10,2002-09-23,0.22810154868828758,0.45031646514455503,0.0,3.0,3.0,0.0,3.0,4.0,0.0,1.0,0.0,1.0,0.0,0.0,0.0,0.0,0.0
2000-10-24,2002-09-23,2002-09-24,2002-10-07,0.2281051264086621,-0.08051047561796537,1.0,3.0,0.0,0.0,3.0,2.0,0.0,1.0,3.0,2.0,0.0,0.0,0.0,0.0,0.0
2000-11-07,2002-10-07,2002-10-08,2002-10-21,0.2704123593586296,-0.006625132589673316,1.0,0.0,0.0,1.0,0.0,3.0,1.0,1.0,1.0,2.0,0.0,5.0,0.0,0.0,0.0
2000-11-21,2002-10-21,2002-10-22,2002-11-04,0.2782736239748018,3.3544396944866763,1.0,5.0,0.0,0.0,1.0,1.0,1.0,3.0,0.0,0.0,0.0,1.0,1.0,0.0,1.0
2000-12-05,2002-11-04,2002-11-05,2002-11-18,0.34312278608430513,0.09169262268989989,1.0,2.0,3.0,1.0,0.0,1.0,0.0,2.0,4.0,1.0,0.0,0.0,0.0,0.0,0.0
2000-12-19,2002-11-18,2002-11-19,2002-12-02,0.3431191477785557,0.536749926159387,5.0,1.0,0.0,0.0,0.0,1.0,0.0,0.0,3.0,2.0,0.0,1.0,1.0,1.0,0.0
2001-01-02,2002-12-02,2002-12-03,2002-12-16,0.31287521603688606,0.14451388608620197,2.0,0.0,1.0,0.0,0.0,4.0,0.0,0.0,0.0,5.0,1.0,0.0,2.0,0.0,0.0
2001-01-16,2002-12-16,2002-12-17,2002-12-30,0.360036379008875,0.16728583752650494,0.0,0.0,5.0,0.0,0.0,0.0,0.0,2.0,2.0,2.0,0.0,2.0,1.0,1.0,0.0
2001-01-30,2002-12-30,2002-12-31,2003-01-13,0.3825777936814657,-0.16723488324321514,0.0,0.0,1.0,0.0,1.0,1.0,0.0,0.0,5.0,3.0,0.0,0.0,4.0,0.0,0.0
2001-02-13,2003-01-13,2003-01-14,2003-01-27,0.24132332687470237,0.16661434348312015,0.0,1.0,4.0,0.0,3.0,0.0,1.0,1.0,3.0,1.0,0.0,1.0,0.0,0.0,0.0
2001-02-27,2003-01-27,2003-01-28,2003-02-10,0.24270227409743983,-0.2155520011369633,1.0,1.0,5.0,1.0,0.0,0.0,1.0,0.0,0.0,3.0,0.0,0.0,2.0,1.0,0.0
2001-03-13,2003-02-10,2003-02-11,2003-02-24,0.01236836852048645,0.07124583800174022,1.0,5.0,1.0,0.0,1.0,0.0,0.0,5.0,1.0,0.0,0.0,0.0,0.0,0.0,1.0
2001-03-27,2003-02-24,2003-02-25,2003-03-10,0.11506883559410958,0.7289697877888837,2.0,1.0,0.0,0.0,0.0,2.0,3.0,1.0,1.0,2.0,0.0,2.0,1.0,0.0,0.0
2001-04-10,2003-03-10,2003-03-11,2003-03-24,0.12038555405913498,0.36523758404272705,1.0,0.0,2.0,0.0,0.0,1.0,0.0,0.0,1.0,2.0,3.0,4.0,0.0,0.0,1.0
2001-04-24,2003-03-24,2003-03-25,2003-04-07,0.05735150801778566,-0.09386527218516322,1.0,0.0,4.0,0.0,4.0,0.0,0.0,0.0,0.0,3.0,0.0,2.0,1.0,0.0,0.0
2001-05-08,2003-04-07,2003-04-08,2003-04-21,0.05734592558718882,0.3835444442817104,0.0,0.0,0.0,0.0,1.0,1.0,3.0,0.0,1.0,5.0,0.0,4.0,0.0,0.0,0.0
2001-05-22,2003-04-21,2003-04-22,2003-05-05,0.04382112420204787,-0.5408625244433638,5.0,0.0,1.0,1.0,0.0,0.0,0.0,0.0,1.0,1.0,3.0,3.0,0.0,0.0,0.0
2001-06-05,2003-05-05,2003-05-06,2003-05-19,-0.007364987190873612,-0.11094425126391688,1.0,3.0,5.0,1.0,0.0,0.0,0.0,1.0,1.0,3.0,0.0,0.0,0.0,0.0,0.0
2001-06-19,2003-05-19,2003-05-20,2003-06-02,0.03756043339432574,0.1740240160018552,4.0,0.0,3.0,2.0,1.0,0.0,1.0,1.0,0.0,2.0,1.0,0.0,0.0,0.0,0.0
2001-07-03,2003-06-02,2003-06-03,2003-06-16,-0.009552050652979704,-0.45274762517486744,1.0,4.0,5.0,0.0,0.0,0.0,0.0,0.0,3.0,0.0,1.0,1.0,0.0,0.0,0.0
2001-07-17,2003-06-16,2003-06-17,2003-06-30,-0.07678457637664537,-0.12256575799323238,0.0,3.0,4.0,0.0,0.0,0.0,2.0,0.0,3.0,0.0,0.0,1.0,0.0,0.0,2.0
2001-07-31,2003-06-30,2003-07-01,2003-07-14,-0.09972223163304872,0.025403350507587255,0.0,0.0,4.0,0.0,3.0,0.0,0.0,2.0,0.0,0.0,0.0,0.0,4.0,0.0,2.0
2001-08-14,2003-07-14,2003-07-15,2003-07-28,-0.07782442698189906,1.278899970459651,3.0,0.0,0.0,0.0,0.0,1.0,0.0,4.0,0.0,0.0,2.0,0.0,2.0,2.0,1.0
2001-08-28,2003-07-28,2003-07-29,2003-08-11,-0.13238153045245493,0.14579361294505266,2.0,0.0,0.0,1.0,0.0,0.0,4.0,0.0,1.0,1.0,2.0,4.0,0.0,0.0,0.0
2001-09-11,2003-08-11,2003-08-12,2003-08-25,-0.1323804695906381,-0.2527789206982483,1.0,0.0,0.0,2.0,0.0,0.0,0.0,5.0,0.0,3.0,0.0,0.0,3.0,1.0,0.0
2001-09-25,2003-08-25,2003-08-26,2003-09-08,-0.10289789033357666,-0.13892388232853276,0.0,0.0,0.0,0.0,5.0,0.0,0.0,3.0,0.0,0.0,0.0,3.0,3.0,1.0,0.0
2001-10-09,2003-09-08,2003-09-09,2003-09-22,-0.09762649526422895,1.4278684124191046,0.0,0.0,3.0,0.0,1.0,0.0,0.0,5.0,0.0,0.0,2.0,0.0,3.0,1.0,0.0
2001-10-23,2003-09-22,2003-09-23,2003-10-06,0.020183143464526654,-0.34482393860120913,0.0,0.0,0.0,1.0,2.0,0.0,0.0,5.0,0.0,1.0,0.0,2.0,2.0,0.0,2.0
2001-11-06,2003-10-06,2003-10-07,2003-10-20,-0.2546950268708646,3.356428924585319,1.0,2.0,4.0,2.0,1.0,0.0,0.0,2.0,0.0,1.0,0.0,0.0,1.0,1.0,0.0
2001-11-20,2003-10-20,2003-10-21,2003-11-03,-0.18227253761863227,0.3633117212035256,0.0,0.0,4.0,1.0,2.0,1.0,0.0,1.0,0.0,0.0,0.0,5.0,0.0,1.0,0.0
2001-12-04,2003-11-03,2003-11-04,2003-11-17,-0.15701848516533778,0.3208728474255007,1.0,0.0,0.0,5.0,0.0,0.0,1.0,0.0,0.0,1.0,1.0,5.0,0.0,0.0,1.0
2001-12-18,2003-11-17,2003-11-18,2003-12-01,-0.19871597966228294,-0.07075199900862775,0.0,0.0,5.0,2.0,0.0,2.0,0.0,0.0,1.0,0.0,1.0,4.0,0.0,0.0,0.0
2002-01-01,2003-12-01,2003-12-02,2003-12-15,-0.1927295073489663,0.4059800677637583,0.0,0.0,5.0,1.0,0.0,0.0,1.0,0.0,3.0,2.0,0.0,3.0,0.0,0.0,0.0
2002-01-15,2003-12-15,2003-12-16,2003-12-29,-0.1625089493280557,-0.47144064356835474,0.0,0.0,5.0,5.0,0.0,0.0,1.0,0.0,3.0,0.0,0.0,1.0,0.0,0.0,0.0
2002-01-29,2003-12-29,2003-12-30,2004-01-12,-0.21298451141156727,0.0022219199201918365,0.0,0.0,4.0,1.0,0.0,2.0,2.0,0.0,2.0,0.0,0.0,4.0,0.0,0.0,0.0
2002-02-12,2004-01-12,2004-01-13,2004-01-26,-0.23480533175002216,-0.11376664572988394,1.0,0.0,5.0,4.0,0.0,1.0,0.0,0.0,0.0,0.0,0.0,4.0,0.0,0.0,0.0
2002-02-26,2004-01-26,2004-01-27,2004-02-09,-0.2233192120983459,0.7136523659514973,0.0,0.0,3.0,4.0,0.0,2.0,0.0,0.0,2.0,0.0,0.0,4.0,0.0,0.0,0.0
2002-03-12,2004-02-09,2004-02-10,2004-02-23,-0.2069699271530539,-0.04175365344467652,0.0,0.0,5.0,0.0,0.0,2.0,0.0,0.0,4.0,0.0,0.0,4.0,0.0,0.0,0.0
2002-03-26,2004-02-23,2004-02-24,2004-03-08,-0.1926533233546899,0.11605198769893815,0.0,0.0,4.0,0.0,0.0,1.0,0.0,0.0,5.0,0.0,0.0,5.0,0.0,0.0,0.0
2002-04-09,2004-03-08,2004-03-09,2004-03-22,-0.18579320651250242,0.4770172154340925,0.0,0.0,4.0,2.0,0.0,0.0,2.0,0.0,0.0,5.0,1.0,1.0,0.0,0.0,0.0
2002-04-23,2004-03-22,2004-03-23,2004-04-05,-0.23683609303595488,-0.0008251773635798154,0.0,0.0,1.0,0.0,0.0,0.0,3.0,1.0,2.0,5.0,0.0,3.0,0.0,0.0,0.0
2002-05-07,2004-04-05,2004-04-06,2004-04-19,-0.2368341646348316,1.2401319958662813,0.0,0.0,0.0,1.0,0.0,4.0,3.0,1.0,0.0,1.0,0.0,5.0,0.0,0.0,0.0
2002-05-21,2004-04-19,2004-04-20,2004-05-03,-0.16138809679079258,-0.027065068070729614,0.0,0.0,0.0,0.0,0.0,3.0,2.0,0.0,2.0,3.0,0.0,5.0,0.0,0.0,0.0
2002-06-04,2004-05-03,2004-05-04,2004-05-17,-0.20415726254045147,2.135560806845431,5.0,0.0,1.0,4.0,3.0,0.0,2.0,0.0,0.0,0.0,0.0,0.0,0.0,0.0,0.0
2002-06-18,2004-05-17,2004-05-18,2004-05-31,0.024381243330508062,0.5032115378123938,0.0,0.0,4.0,4.0,1.0,0.0,0.0,0.0,0.0,1.0,0.0,5.0,0.0,0.0,0.0
2002-07-02,2004-05-31,2004-06-01,2004-06-14,0.0916931178156204,-0.3903292636588386,0.0,0.0,1.0,1.0,0.0,0.0,5.0,0.0,1.0,5.0,0.0,1.0,0.0,1.0,0.0
2002-07-16,2004-06-14,2004-06-15,2004-06-28,0.028648490448577035,1.0228229819086887,1.0,0.0,0.0,3.0,0.0,2.0,1.0,0.0,2.0,3.0,1.0,2.0,0.0,0.0,0.0
2002-07-30,2004-06-28,2004-06-29,2004-07-12,0.05572646408935955,-0.1993629677836804,0.0,0.0,1.0,1.0,1.0,1.0,5.0,0.0,1.0,1.0,0.0,3.0,1.0,0.0,0.0
2002-08-13,2004-07-12,2004-07-13,2004-07-26,0.007375965328417555,0.3197395032589142,0.0,0.0,1.0,3.0,0.0,0.0,3.0,0.0,4.0,1.0,1.0,2.0,0.0,0.0,0.0
2002-08-27,2004-07-26,2004-07-27,2004-08-09,0.029385249449241924,0.44553066952456655,0.0,0.0,0.0,4.0,1.0,0.0,1.0,0.0,0.0,1.0,0.0,5.0,3.0,0.0,0.0
2002-09-10,2004-08-09,2004-08-10,2004-08-23,0.04330240745493663,0.45130343029192044,0.0,0.0,0.0,3.0,1.0,1.0,3.0,0.0,2.0,4.0,1.0,0.0,0.0,0.0,0.0
2002-09-24,2004-08-23,2004-08-24,2004-09-06,-0.01750335034837802,0.11723577722965581,0.0,0.0,2.0,3.0,0.0,1.0,4.0,0.0,0.0,0.0,3.0,1.0,1.0,0.0,0.0
2002-10-08,2004-09-06,2004-09-07,2004-09-20,0.031658180581537465,0.11656921255854269,0.0,0.0,0.0,4.0,0.0,0.0,3.0,0.0,2.0,0.0,2.0,2.0,1.0,1.0,0.0
2002-10-22,2004-09-20,2004-09-21,2004-10-04,0.14383463522882833,-0.02536587206791109,0.0,0.0,0.0,2.0,2.0,2.0,4.0,0.0,0.0,3.0,2.0,0.0,0.0,0.0,0.0
2002-11-05,2004-10-04,2004-10-05,2004-10-18,0.11072794888256332,0.4386447828839033,0.0,0.0,0.0,4.0,0.0,3.0,1.0,0.0,0.0,1.0,1.0,3.0,2.0,0.0,0.0
2002-11-19,2004-10-18,2004-10-19,2004-11-01,0.13134256558505464,0.10494251463144108,0.0,0.0,0.0,0.0,2.0,3.0,4.0,0.0,0.0,0.0,1.0,2.0,1.0,2.0,0.0
2002-12-03,2004-11-01,2004-11-02,2004-11-15,0.15863025690179014,-0.07144180440390532,0.0,0.0,0.0,5.0,1.0,5.0,0.0,0.0,2.0,1.0,0.0,1.0,0.0,0.0,0.0
2002-12-17,2004-11-15,2004-11-16,2004-11-29,0.12651333760428507,0.014845090662276683,0.0,0.0,0.0,0.0,5.0,1.0,4.0,0.0,1.0,0.0,0.0,1.0,0.0,3.0,0.0
2002-12-31,2004-11-29,2004-11-30,2004-12-13,0.10024352053651642,-0.05064981215112478,0.0,0.0,0.0,0.0,1.0,3.0,4.0,0.0,2.0,0.0,0.0,1.0,3.0,1.0,0.0
2003-01-14,2004-12-13,2004-12-14,2004-12-27,0.16695972349056043,-0.2246159703720727,0.0,0.0,0.0,3.0,0.0,2.0,4.0,0.0,0.0,0.0,3.0,1.0,0.0,2.0,0.0
2003-01-28,2004-12-27,2004-12-28,2005-01-10,0.19162218580291002,0.6972134370939246,0.0,0.0,0.0,2.0,4.0,0.0,3.0,0.0,0.0,0.0,3.0,0.0,0.0,0.0,3.0
2003-02-11,2005-01-10,2005-01-11,2005-01-24,0.19162247911436747,-0.0891072703752731,0.0,0.0,0.0,0.0,2.0,5.0,3.0,0.0,1.0,0.0,0.0,3.0,1.0,0.0,0.0
2003-02-25,2005-01-24,2005-01-25,2005-02-07,0.19658653502438939,0.06766733196316861,0.0,0.0,0.0,3.0,2.0,0.0,0.0,0.0,5.0,1.0,0.0,4.0,0.0,0.0,0.0
2003-03-11,2005-02-07,2005-02-08,2005-02-21,0.18596885648702427,-0.1725170595049683,0.0,1.0,1.0,1.0,0.0,1.0,5.0,0.0,0.0,2.0,1.0,2.0,0.0,0.0,1.0
2003-03-25,2005-02-21,2005-02-22,2005-03-07,0.15245890100556525,0.694299394279049,1.0,0.0,1.0,5.0,0.0,1.0,0.0,0.0,1.0,0.0,1.0,3.0,2.0,0.0,0.0
2003-04-08,2005-03-07,2005-03-08,2005-03-21,0.24536822684001913,-0.07235196254283108,0.0,0.0,0.0,5.0,2.0,2.0,1.0,0.0,1.0,1.0,0.0,2.0,0.0,1.0,0.0
2003-04-22,2005-03-21,2005-03-22,2005-04-04,0.2614995596297838,0.15403474384801882,1.0,0.0,0.0,1.0,1.0,0.0,4.0,0.0,0.0,3.0,2.0,1.0,0.0,2.0,0.0
2003-05-06,2005-04-04,2005-04-05,2005-04-18,0.2464568337272134,0.00496313432646342,0.0,1.0,0.0,5.0,3.0,1.0,1.0,0.0,0.0,0.0,3.0,0.0,1.0,0.0,0.0
2003-05-20,2005-04-18,2005-04-19,2005-05-02,0.19995835725219335,-0.12311903539294147,0.0,1.0,0.0,5.0,0.0,2.0,2.0,0.0,0.0,0.0,2.0,3.0,0.0,0.0,0.0
2003-06-03,2005-05-02,2005-05-03,2005-05-16,0.2570320483035724,-0.23814199205165,0.0,0.0,0.0,0.0,0.0,2.0,3.0,1.0,0.0,4.0,1.0,4.0,0.0,0.0,0.0
2003-06-17,2005-05-16,2005-05-17,2005-05-30,0.29272319609984776,-0.04737876822850609,0.0,0.0,0.0,5.0,0.0,2.0,1.0,0.0,0.0,3.0,0.0,3.0,0.0,1.0,0.0
2003-07-01,2005-05-30,2005-05-31,2005-06-13,0.376966583188945,-0.2350011929125863,0.0,0.0,0.0,2.0,1.0,0.0,0.0,0.0,1.0,5.0,0.0,1.0,5.0,0.0,0.0
2003-07-15,2005-06-13,2005-06-14,2005-06-27,0.3075625869157215,0.33922950925031187,1.0,0.0,0.0,0.0,0.0,2.0,5.0,0.0,0.0,1.0,3.0,1.0,0.0,1.0,1.0
2003-07-29,2005-06-27,2005-06-28,2005-07-11,0.31589316104167475,-0.20204283105593893,0.0,0.0,0.0,2.0,0.0,4.0,4.0,0.0,0.0,0.0,1.0,0.0,1.0,1.0,2.0
2003-08-12,2005-07-11,2005-07-12,2005-07-25,0.2834853950808119,0.2424089359949313,0.0,0.0,1.0,1.0,2.0,0.0,2.0,0.0,5.0,2.0,0.0,1.0,0.0,1.0,0.0
2003-08-26,2005-07-25,2005-07-26,2005-08-08,0.3387915302668166,0.06073299725129923,1.0,0.0,0.0,3.0,0.0,0.0,4.0,0.0,0.0,1.0,3.0,1.0,0.0,0.0,2.0
2003-09-09,2005-08-08,2005-08-09,2005-08-22,0.2866262519718801,-0.06433450537949337,0.0,0.0,1.0,3.0,0.0,3.0,0.0,0.0,2.0,2.0,2.0,2.0,0.0,0.0,0.0
2003-09-23,2005-08-22,2005-08-23,2005-09-05,0.15859153661895067,-0.09835375614436258,0.0,0.0,2.0,3.0,0.0,0.0,1.0,0.0,2.0,2.0,2.0,1.0,2.0,0.0,0.0
2003-10-07,2005-09-05,2005-09-06,2005-09-19,0.1621869127343193,-0.31000420530865513,0.0,1.0,2.0,3.0,0.0,1.0,2.0,0.0,0.0,5.0,0.0,0.0,0.0,1.0,0.0
2003-10-21,2005-09-19,2005-09-20,2005-10-03,0.153405274244199,0.4535293308640381,2.0,0.0,1.0,0.0,1.0,3.0,4.0,1.0,0.0,0.0,1.0,1.0,0.0,0.0,1.0
2003-11-04,2005-10-03,2005-10-04,2005-10-17,0.15340897618443305,0.005711295052028657,1.0,0.0,0.0,0.0,0.0,2.0,0.0,0.0,5.0,0.0,0.0,4.0,3.0,0.0,0.0
2003-11-18,2005-10-17,2005-10-18,2005-10-31,0.21342148157591995,-0.21372468437847317,0.0,0.0,3.0,0.0,0.0,3.0,0.0,0.0,3.0,3.0,0.0,2.0,0.0,0.0,1.0
2003-12-02,2005-10-31,2005-11-01,2005-11-14,0.24361160611508287,0.08129208500002649,0.0,0.0,0.0,2.0,2.0,1.0,1.0,0.0,3.0,3.0,0.0,0.0,1.0,0.0,2.0
2003-12-16,2005-11-14,2005-11-15,2005-11-28,0.24319518748617097,-0.11432803618259046,0.0,0.0,0.0,0.0,1.0,5.0,0.0,0.0,0.0,4.0,3.0,0.0,1.0,0.0,1.0
2003-12-30,2005-11-28,2005-11-29,2005-12-12,0.32327426153594163,0.05777369268399449,1.0,0.0,0.0,5.0,0.0,0.0,2.0,3.0,0.0,1.0,0.0,2.0,0.0,0.0,1.0
2004-01-13,2005-12-12,2005-12-13,2005-12-26,0.32935530330236584,0.0893645227324463,1.0,0.0,2.0,0.0,5.0,1.0,0.0,0.0,0.0,5.0,0.0,0.0,1.0,0.0,0.0
2004-01-27,2005-12-26,2005-12-27,2006-01-09,0.31013044509108545,-0.026178983164817503,0.0,1.0,2.0,0.0,0.0,0.0,0.0,1.0,0.0,0.0,5.0,0.0,5.0,0.0,1.0
2004-02-10,2006-01-09,2006-01-10,2006-01-23,0.26283549722032695,0.09411177921514964,1.0,3.0,0.0,1.0,1.0,0.0,1.0,0.0,3.0,0.0,0.0,5.0,0.0,0.0,0.0
2004-02-24,2006-01-23,2006-01-24,2006-02-06,0.26283584392508597,0.13043084129456456,5.0,0.0,0.0,1.0,0.0,3.0,0.0,2.0,0.0,0.0,0.0,1.0,1.0,2.0,0.0
2004-03-09,2006-02-06,2006-02-07,2006-02-20,0.2628324697471571,0.13313119697188275,0.0,0.0,0.0,1.0,3.0,3.0,0.0,2.0,0.0,0.0,3.0,0.0,2.0,0.0,1.0
2004-03-23,2006-02-20,2006-02-21,2006-03-06,0.3124366950178962,0.015027793796747766,0.0,2.0,0.0,5.0,0.0,0.0,3.0,0.0,0.0,0.0,1.0,2.0,2.0,0.0,0.0
2004-04-06,2006-03-06,2006-03-07,2006-03-20,0.3124362431727612,-0.09971544028835166,3.0,0.0,1.0,0.0,1.0,0.0,0.0,0.0,1.0,0.0,2.0,5.0,0.0,2.0,0.0
2004-04-20,2006-03-20,2006-03-21,2006-04-03,0.22150763605951812,0.31705523687555953,0.0,2.0,5.0,0.0,0.0,4.0,0.0,0.0,0.0,0.0,0.0,3.0,1.0,0.0,0.0
2004-05-04,2006-04-03,2006-04-04,2006-04-17,0.27239020503928757,-0.1311783306649078,1.0,0.0,4.0,1.0,0.0,0.0,0.0,0.0,0.0,3.0,3.0,1.0,0.0,2.0,0.0
2004-05-18,2006-04-17,2006-04-18,2006-05-01,0.046643383622970824,0.07655597843040306,0.0,0.0,0.0,0.0,0.0,0.0,1.0,0.0,2.0,0.0,1.0,1.0,4.0,1.0,5.0
2004-06-01,2006-05-01,2006-05-02,2006-05-15,0.08748357345859448,-0.12879955417379682,1.0,2.0,0.0,1.0,0.0,0.0,0.0,0.0,0.0,2.0,0.0,1.0,4.0,1.0,3.0
2004-06-15,2006-05-15,2006-05-16,2006-05-29,0.08892050761464483,0.11491733298489713,0.0,0.0,0.0,1.0,4.0,0.0,2.0,2.0,0.0,2.0,0.0,0.0,1.0,1.0,2.0
2004-06-29,2006-05-29,2006-05-30,2006-06-12,0.09057583145402982,0.06109332282732141,0.0,5.0,0.0,2.0,1.0,0.0,3.0,0.0,1.0,0.0,0.0,0.0,0.0,2.0,1.0
2004-07-13,2006-06-12,2006-06-13,2006-06-26,0.11556767660923817,-0.012511269799237595,0.0,3.0,0.0,1.0,2.0,2.0,3.0,0.0,2.0,2.0,0.0,0.0,0.0,0.0,0.0
2004-07-27,2006-06-26,2006-06-27,2006-07-10,0.09028865175060355,0.5528292635142633,1.0,4.0,1.0,5.0,1.0,0.0,0.0,0.0,3.0,0.0,0.0,0.0,0.0,0.0,0.0
2004-08-10,2006-07-10,2006-07-11,2006-07-24,0.09029498109167544,0.16558079690216324,0.0,0.0,0.0,5.0,0.0,4.0,1.0,0.0,0.0,5.0,0.0,0.0,0.0,0.0,0.0
2004-08-24,2006-07-24,2006-07-25,2006-08-07,0.10258886830721356,0.4342779395850592,0.0,1.0,1.0,3.0,0.0,0.0,1.0,1.0,0.0,1.0,3.0,0.0,1.0,2.0,1.0
2004-09-07,2006-08-07,2006-08-08,2006-08-21,0.10258662085991888,0.35659806639340186,0.0,1.0,2.0,0.0,0.0,2.0,0.0,1.0,4.0,0.0,0.0,0.0,4.0,1.0,0.0
2004-09-21,2006-08-21,2006-08-22,2006-09-04,-0.043541702709305935,-0.040733376491228566,0.0,0.0,1.0,0.0,2.0,0.0,2.0,1.0,4.0,0.0,1.0,0.0,2.0,1.0,1.0
2004-10-05,2006-09-04,2006-09-05,2006-09-18,0.011579876215510598,-0.10762219480094798,0.0,1.0,0.0,2.0,5.0,0.0,0.0,0.0,0.0,1.0,0.0,5.0,0.0,0.0,1.0
2004-10-19,2006-09-18,2006-09-19,2006-10-02,-0.0037269578136724935,-0.2506322341702246,1.0,0.0,0.0,5.0,0.0,1.0,0.0,0.0,0.0,0.0,1.0,3.0,1.0,3.0,0.0
2004-11-02,2006-10-02,2006-10-03,2006-10-16,0.014652062839316082,0.2355621728490469,0.0,0.0,0.0,0.0,1.0,0.0,3.0,0.0,4.0,0.0,1.0,1.0,2.0,3.0,0.0
2004-11-16,2006-10-16,2006-10-17,2006-10-30,0.07753224102257594,0.4961513942733794,1.0,4.0,0.0,0.0,0.0,2.0,2.0,1.0,0.0,2.0,0.0,3.0,0.0,0.0,0.0
2004-11-30,2006-10-30,2006-10-31,2006-11-13,0.0955033256989879,0.3822847624840201,1.0,0.0,0.0,1.0,1.0,1.0,1.0,0.0,2.0,1.0,1.0,0.0,5.0,1.0,0.0
2004-12-14,2006-11-13,2006-11-14,2006-11-27,0.09303565903190092,0.612752995704506,1.0,1.0,0.0,1.0,1.0,0.0,0.0,0.0,1.0,2.0,0.0,3.0,3.0,0.0,2.0
2004-12-28,2006-11-27,2006-11-28,2006-12-11,0.09303494943724164,0.08906205216282373,1.0,1.0,1.0,0.0,1.0,0.0,1.0,0.0,5.0,0.0,4.0,0.0,1.0,0.0,0.0
2005-01-11,2006-12-11,2006-12-12,2006-12-25,0.09303099820548474,-0.2583481306561287,0.0,1.0,0.0,0.0,1.0,5.0,1.0,0.0,1.0,0.0,2.0,0.0,3.0,1.0,0.0
2005-01-25,2006-12-25,2006-12-26,2007-01-08,0.04920510074994744,1.5751717905169333,0.0,0.0,3.0,0.0,1.0,2.0,0.0,1.0,1.0,0.0,0.0,1.0,1.0,5.0,0.0
2005-02-08,2007-01-08,2007-01-09,2007-01-22,0.04920762186007541,-0.6573726941045241,2.0,1.0,1.0,0.0,5.0,0.0,0.0,0.0,1.0,0.0,3.0,1.0,1.0,0.0,0.0
2005-02-22,2007-01-22,2007-01-23,2007-02-05,-0.02363295137909094,0.07517522559102892,2.0,1.0,0.0,1.0,1.0,0.0,1.0,5.0,2.0,2.0,0.0,0.0,0.0,0.0,0.0
2005-03-08,2007-02-05,2007-02-06,2007-02-19,-0.0657519257947636,0.3253321033877128,0.0,0.0,5.0,1.0,5.0,0.0,0.0,2.0,2.0,0.0,0.0,0.0,0.0,0.0,0.0
2005-03-22,2007-02-19,2007-02-20,2007-03-05,-0.12486551095760776,-0.02609419935191515,0.0,3.0,0.0,1.0,0.0,5.0,0.0,2.0,3.0,1.0,0.0,0.0,0.0,0.0,0.0
2005-04-05,2007-03-05,2007-03-06,2007-03-19,-0.11430496289736172,0.042274155492803986,0.0,1.0,0.0,1.0,0.0,5.0,0.0,1.0,3.0,0.0,1.0,0.0,2.0,0.0,1.0
2005-04-19,2007-03-19,2007-03-20,2007-04-02,-0.11917766766130433,0.5197635074959299,1.0,0.0,0.0,0.0,0.0,0.0,0.0,0.0,0.0,2.0,0.0,5.0,3.0,2.0,2.0
2005-05-03,2007-04-02,2007-04-03,2007-04-16,-0.11918602098889608,0.7811841903662982,2.0,0.0,1.0,0.0,0.0,0.0,1.0,0.0,0.0,5.0,1.0,0.0,0.0,3.0,2.0
2005-05-17,2007-04-16,2007-04-17,2007-04-30,-0.11147545915027546,-0.6430293925530017,0.0,1.0,3.0,0.0,1.0,0.0,0.0,1.0,0.0,3.0,2.0,2.0,0.0,0.0,2.0
2005-05-31,2007-04-30,2007-05-01,2007-05-14,-0.11148538096118887,0.20247117673142956,1.0,1.0,0.0,0.0,0.0,2.0,0.0,0.0,0.0,1.0,4.0,4.0,1.0,1.0,0.0
2005-06-14,2007-05-14,2007-05-15,2007-05-28,-0.09052959204325939,0.1275182552527495,2.0,0.0,1.0,0.0,0.0,0.0,1.0,0.0,2.0,4.0,0.0,0.0,3.0,1.0,1.0
2005-06-28,2007-05-28,2007-05-29,2007-06-11,-0.05642417032436059,1.9205362974721845,0.0,1.0,0.0,1.0,0.0,1.0,0.0,0.0,1.0,3.0,4.0,2.0,1.0,1.0,0.0
2005-07-12,2007-06-11,2007-06-12,2007-06-25,-0.0734723155687027,0.2948672543937842,1.0,0.0,2.0,0.0,2.0,0.0,2.0,0.0,2.0,5.0,0.0,0.0,0.0,0.0,1.0
2005-07-26,2007-06-25,2007-06-26,2007-07-09,-0.22606630969498187,0.17776654282436732,0.0,0.0,0.0,0.0,5.0,3.0,0.0,1.0,0.0,2.0,0.0,0.0,4.0,0.0,0.0
2005-08-09,2007-07-09,2007-07-10,2007-07-23,-0.15555479950073026,-0.22244343951125803,0.0,0.0,0.0,0.0,0.0,2.0,1.0,0.0,0.0,5.0,0.0,0.0,1.0,2.0,4.0
2005-08-23,2007-07-23,2007-07-24,2007-08-06,-0.17873785470879056,0.27246659187274636,0.0,0.0,0.0,0.0,4.0,3.0,0.0,0.0,0.0,3.0,0.0,0.0,3.0,0.0,2.0
2005-09-06,2007-08-06,2007-08-07,2007-08-20,-0.21148352941508497,1.2646882257446348,1.0,0.0,2.0,0.0,1.0,2.0,1.0,0.0,0.0,5.0,2.0,0.0,1.0,0.0,0.0
2005-09-20,2007-08-20,2007-08-21,2007-09-03,-0.22249548291873922,-0.3708359837610753,0.0,0.0,1.0,0.0,2.0,0.0,0.0,1.0,0.0,5.0,3.0,1.0,1.0,0.0,1.0
2005-10-04,2007-09-03,2007-09-04,2007-09-17,-0.22249723126422194,0.5550554752359967,0.0,0.0,1.0,0.0,2.0,0.0,2.0,1.0,0.0,4.0,4.0,1.0,0.0,0.0,0.0
2005-10-18,2007-09-17,2007-09-18,2007-10-01,-0.061826225362213966,0.17397448928320416,0.0,0.0,1.0,0.0,5.0,3.0,0.0,2.0,1.0,1.0,1.0,1.0,0.0,0.0,0.0
2005-11-01,2007-10-01,2007-10-02,2007-10-15,-0.16292979255308704,-0.44746522671536715,0.0,0.0,1.0,0.0,1.0,1.0,0.0,2.0,1.0,4.0,4.0,0.0,1.0,0.0,0.0
2005-11-15,2007-10-15,2007-10-16,2007-10-29,-0.16181794757874024,-0.23317078266481386,0.0,1.0,0.0,0.0,0.0,1.0,0.0,0.0,3.0,4.0,5.0,0.0,0.0,1.0,0.0
2005-11-29,2007-10-29,2007-10-30,2007-11-12,-0.16748879787240023,0.2863855017339749,0.0,0.0,1.0,0.0,4.0,0.0,0.0,1.0,1.0,2.0,2.0,4.0,0.0,0.0,0.0
2005-12-13,2007-11-12,2007-11-13,2007-11-26,-0.1606957751769605,0.09394729385377318,0.0,0.0,0.0,0.0,1.0,2.0,0.0,2.0,4.0,2.0,3.0,0.0,0.0,0.0,1.0
2005-12-27,2007-11-26,2007-11-27,2007-12-10,-0.15913932929809615,0.29358057921558,0.0,0.0,0.0,0.0,2.0,3.0,0.0,2.0,0.0,2.0,4.0,0.0,1.0,1.0,0.0
2006-01-10,2007-12-10,2007-12-11,2007-12-24,-0.06409773662606821,-0.7915394143655121,0.0,0.0,0.0,0.0,4.0,4.0,0.0,1.0,0.0,4.0,2.0,0.0,0.0,0.0,0.0
2006-01-24,2007-12-24,2007-12-25,2008-01-07,0.019950331080253514,0.006507017953048505,0.0,0.0,0.0,0.0,0.0,2.0,1.0,4.0,0.0,1.0,4.0,3.0,0.0,0.0,0.0
2006-02-07,2008-01-07,2008-01-08,2008-01-21,0.009632749420253495,0.24037731437563248,0.0,0.0,0.0,1.0,4.0,2.0,0.0,2.0,3.0,0.0,2.0,0.0,1.0,0.0,0.0
2006-02-21,2008-01-21,2008-01-22,2008-02-04,0.009625040939085228,-0.489390990010926,0.0,0.0,0.0,0.0,1.0,0.0,1.0,0.0,5.0,0.0,0.0,4.0,4.0,0.0,0.0
2006-03-07,2008-02-04,2008-02-05,2008-02-18,0.01859801194594446,2.1752599995380577,0.0,0.0,2.0,0.0,0.0,2.0,0.0,4.0,0.0,0.0,3.0,3.0,1.0,0.0,0.0
2006-03-21,2008-02-18,2008-02-19,2008-03-03,0.0036405438558144154,0.39426657638003504,0.0,0.0,1.0,0.0,0.0,3.0,0.0,1.0,4.0,2.0,1.0,1.0,2.0,0.0,0.0
2006-04-04,2008-03-03,2008-03-04,2008-03-17,0.0036633396262637508,2.1322452935575624,0.0,0.0,0.0,0.0,0.0,0.0,0.0,1.0,3.0,0.0,5.0,3.0,0.0,3.0,0.0
2006-04-18,2008-03-17,2008-03-18,2008-03-31,0.23014820441943407,-0.7381174991589667,0.0,0.0,0.0,0.0,0.0,2.0,0.0,1.0,3.0,2.0,0.0,4.0,1.0,2.0,0.0
2006-05-02,2008-03-31,2008-04-01,2008-04-14,0.20843036062971143,-0.8761185398219213,0.0,0.0,1.0,0.0,1.0,3.0,0.0,2.0,5.0,0.0,1.0,1.0,1.0,0.0,0.0
2006-05-16,2008-04-14,2008-04-15,2008-04-28,0.20684742690294022,1.2147812566670542,0.0,0.0,0.0,0.0,0.0,5.0,0.0,0.0,0.0,0.0,1.0,2.0,3.0,0.0,4.0
2006-05-30,2008-04-28,2008-04-29,2008-05-12,0.11223200170677594,0.09048854074634377,0.0,0.0,0.0,0.0,1.0,4.0,0.0,0.0,1.0,1.0,1.0,2.0,4.0,1.0,0.0
2006-06-13,2008-05-12,2008-05-13,2008-05-26,0.07018711030732472,-0.4647233421178206,0.0,1.0,0.0,0.0,0.0,5.0,0.0,0.0,0.0,0.0,1.0,0.0,5.0,2.0,1.0
2006-06-27,2008-05-26,2008-05-27,2008-06-09,0.03834409854995374,-2.338772696148546,0.0,0.0,0.0,1.0,0.0,3.0,0.0,5.0,1.0,0.0,3.0,0.0,1.0,1.0,0.0
2006-07-11,2008-06-09,2008-06-10,2008-06-23,-0.07745521742102163,1.2884166024162522,2.0,0.0,0.0,0.0,1.0,2.0,1.0,3.0,0.0,0.0,1.0,0.0,4.0,1.0,0.0
2006-07-25,2008-06-23,2008-06-24,2008-07-07,-0.07745858645187878,2.430038687895509,0.0,0.0,0.0,1.0,0.0,2.0,0.0,2.0,0.0,2.0,0.0,1.0,3.0,3.0,1.0
2006-08-08,2008-07-07,2008-07-08,2008-07-21,-0.34785369402038113,0.9115488216151497,2.0,0.0,0.0,0.0,0.0,1.0,0.0,2.0,0.0,0.0,4.0,0.0,0.0,2.0,4.0
2006-08-22,2008-07-21,2008-07-22,2008-08-04,-0.30672182974583284,1.5274623621031997,1.0,0.0,0.0,0.0,1.0,0.0,0.0,3.0,2.0,0.0,4.0,0.0,4.0,0.0,0.0
2006-09-05,2008-08-04,2008-08-05,2008-08-18,-0.29870870784034165,-0.0351180409026353,0.0,0.0,0.0,0.0,0.0,0.0,0.0,5.0,0.0,0.0,3.0,0.0,4.0,3.0,0.0
2006-09-19,2008-08-18,2008-08-19,2008-09-01,-0.2981990226600637,-0.7532281716503845,0.0,0.0,0.0,0.0,0.0,0.0,0.0,5.0,0.0,0.0,5.0,0.0,5.0,0.24762718,-0.24762718
2006-10-03,2008-09-01,2008-09-02,2008-09-15,-0.2842614635012044,-0.09761953412341673,0.0,0.0,0.0,0.0,0.0,0.0,0.0,4.0,0.0,0.0,5.0,0.0,3.0,3.0,0.0
2006-10-17,2008-09-15,2008-09-16,2008-09-29,-0.3428859165100021,-0.5143030532838994,0.0,0.0,0.0,0.0,0.0,1.0,0.0,5.0,0.0,0.0,4.0,0.0,0.0,5.0,0.0
2006-10-31,2008-09-29,2008-09-30,2008-10-13,-0.32875370273294957,1.3724767744821986,0.0,0.0,0.0,0.0,0.0,3.0,0.0,4.0,2.0,0.0,5.0,0.0,0.0,1.0,0.0
2006-11-14,2008-10-13,2008-10-14,2008-10-27,-0.3565469463091717,-0.20546389410865784,0.0,0.0,0.0,0.0,0.0,0.0,0.0,5.0,0.0,0.0,5.0,0.0,0.0,5.0,0.0
2006-11-28,2008-10-27,2008-10-28,2008-11-10,-0.32867983773635934,-0.055989835691367396,0.0,0.0,0.0,0.0,0.0,0.0,0.0,5.0,0.0,0.0,5.0,0.0,0.0,5.0,0.0
2006-12-12,2008-11-10,2008-11-11,2008-11-24,-0.37918757615285115,-0.41703726827594717,0.0,0.0,0.0,0.0,1.0,1.0,0.0,4.0,1.0,0.0,5.0,0.0,1.0,2.0,0.0
2006-12-26,2008-11-24,2008-11-25,2008-12-08,-0.3974854320065475,0.20426475649937842,0.0,0.0,0.0,0.0,1.0,0.0,0.0,3.0,0.0,0.0,4.0,0.0,4.0,3.0,0.0
2007-01-09,2008-12-08,2008-12-09,2008-12-22,-0.4596726209241606,0.0,0.0,0.0,0.0,0.0,0.0,2.0,0.0,4.0,1.0,0.0,5.0,0.0,2.0,1.0,0.0
2007-01-23,2008-12-22,2008-12-23,2009-01-05,-0.5195735865117016,1.0894574553921041,0.0,0.0,0.0,0.0,0.0,2.0,0.0,4.0,0.0,0.0,4.0,0.0,5.0,0.0,0.0
2007-02-06,2009-01-05,2009-01-06,2009-01-19,0.020322960159598447,-0.3907275304327675,0.0,0.0,0.0,0.0,0.0,1.0,0.0,5.0,0.0,0.0,5.0,0.0,4.0,0.0,0.0
2007-02-20,2009-01-19,2009-01-20,2009-02-02,-0.0979936119782826,0.27224901554971925,0.0,0.0,0.0,0.0,0.0,0.0,0.0,5.0,0.0,0.0,5.0,0.0,0.0,5.0,0.0
2007-03-06,2009-02-02,2009-02-03,2009-02-16,0.029447158404889873,-0.515432507249023,0.0,0.0,0.0,0.0,0.0,0.0,0.0,5.0,0.0,0.0,5.0,0.0,3.0,2.0,0.0
2007-03-20,2009-02-16,2009-02-17,2009-03-02,0.03372836548960345,-0.15237743804541248,0.0,0.0,0.0,0.0,0.0,0.0,0.0,5.0,0.0,0.0,4.0,0.0,4.0,1.0,1.0
2007-04-03,2009-03-02,2009-03-03,2009-03-16,0.05700549578716374,0.08733521845344777,0.0,0.0,0.0,1.0,0.0,0.0,0.0,5.0,2.0,0.0,3.0,0.0,4.0,0.0,0.0
2007-04-17,2009-03-16,2009-03-17,2009-03-30,-0.12827276236818863,-0.017577150759697124,0.0,0.0,0.0,0.0,0.0,0.0,0.0,5.0,0.0,0.0,2.0,0.0,1.0,5.0,2.0
2007-05-01,2009-03-30,2009-03-31,2009-04-13,-0.03560991057646867,0.838245107435734,0.0,0.0,0.0,1.0,0.0,0.0,0.0,4.0,0.0,0.0,2.0,0.0,3.0,5.0,0.0
2007-05-15,2009-04-13,2009-04-14,2009-04-27,-0.03555006239871594,-0.37645199847669,0.0,1.0,0.0,0.0,0.0,3.0,0.0,2.0,0.0,0.0,5.0,0.0,0.0,4.0,0.0
2007-05-29,2009-04-27,2009-04-28,2009-05-11,-0.03549094693738081,-0.08852872176129842,0.0,0.0,1.0,1.0,1.0,0.0,0.0,4.0,0.0,0.0,4.0,0.0,0.0,3.0,1.0
2007-06-12,2009-05-11,2009-05-12,2009-05-25,-0.0354864755026747,0.49057983616515266,0.0,0.0,1.0,3.0,0.0,0.0,1.0,4.0,0.0,0.0,5.0,1.0,0.0,0.0,0.0
2007-06-26,2009-05-25,2009-05-26,2009-06-08,0.24127408635126057,-0.577220307269513,0.0,0.0,1.0,2.0,0.0,1.0,0.0,3.0,2.0,0.0,3.0,0.0,1.0,2.0,0.0
2007-07-10,2009-06-08,2009-06-09,2009-06-22,0.0017192782903954207,-0.08773930731516982,0.0,0.0,1.0,0.0,0.0,3.0,0.0,5.0,0.0,0.0,1.0,1.0,0.0,2.0,2.0
2007-07-24,2009-06-22,2009-06-23,2009-07-06,0.04275804762364532,0.022199775859125102,0.0,0.0,0.0,0.0,0.0,2.0,1.0,4.0,0.0,0.0,1.0,0.0,4.0,3.0,0.0
2007-08-07,2009-07-06,2009-07-07,2009-07-20,0.12751745894423827,0.004336265867449063,0.0,2.0,0.0,0.0,0.0,2.0,2.0,5.0,0.0,0.0,3.0,0.0,1.0,0.0,0.0
2007-08-21,2009-07-20,2009-07-21,2009-08-03,0.1503218590846182,0.31770978694227703,0.0,2.0,0.0,3.0,0.0,3.0,0.0,4.0,0.0,0.0,0.0,0.0,1.0,2.0,0.0
2007-09-04,2009-08-03,2009-08-04,2009-08-17,0.5492078721387081,-0.4504292192622545,0.0,0.0,0.0,0.0,0.0,2.0,0.0,4.0,1.0,0.0,2.0,0.0,1.0,5.0,0.0
2007-09-18,2009-08-17,2009-08-18,2009-08-31,0.16614497285239616,-0.1771205872688768,0.0,0.0,1.0,3.0,0.0,1.0,0.0,5.0,0.0,0.0,1.0,1.0,2.0,0.0,1.0
2007-10-02,2009-08-31,2009-09-01,2009-09-14,0.3137848431279653,2.9504739952837493,0.0,0.0,0.0,2.0,0.0,1.0,0.0,5.0,0.0,2.0,2.0,0.0,0.0,2.0,1.0
2007-10-16,2009-09-14,2009-09-15,2009-09-28,0.28053234922016557,-0.025231026200321444,0.0,1.0,0.0,5.0,0.0,0.0,0.0,4.0,0.0,1.0,0.0,0.0,0.0,4.0,0.0
2007-10-30,2009-09-28,2009-09-29,2009-10-12,0.37718267779709724,0.22072189101476286,1.0,1.0,1.0,2.0,0.0,0.0,0.0,4.0,0.0,0.0,5.0,0.0,1.0,0.0,0.0
2007-11-13,2009-10-12,2009-10-13,2009-10-26,0.37717602484058677,-0.8326336497903869,0.0,1.0,0.0,2.0,0.0,0.0,0.0,5.0,0.0,0.0,1.0,0.0,2.0,3.0,1.0
2007-11-27,2009-10-26,2009-10-27,2009-11-09,0.4198947059435638,-0.811066816107824,0.0,0.0,1.0,1.0,0.0,1.0,0.0,5.0,0.0,0.0,0.0,0.0,5.0,2.0,0.0
2007-12-11,2009-11-09,2009-11-10,2009-11-23,0.30570706222619326,0.03443094503562376,4.0,0.0,0.0,2.0,0.0,2.0,0.0,4.0,0.0,0.0,3.0,0.0,0.0,0.0,0.0
2007-12-25,2009-11-23,2009-11-24,2009-12-07,0.17346626455007352,0.14235094160249462,3.0,0.0,0.0,1.0,0.0,0.0,0.0,5.0,0.0,0.0,4.0,1.0,1.0,0.0,0.0
2008-01-08,2009-12-07,2009-12-08,2009-12-21,0.18546310992972836,-0.22915275121404777,2.0,0.0,1.0,0.0,0.0,0.0,0.0,5.0,0.0,3.0,0.0,0.0,0.0,4.0,0.0
2008-01-22,2009-12-21,2009-12-22,2010-01-04,0.18546054283468827,0.1402209633052762,1.0,1.0,0.0,2.0,1.0,1.0,0.0,5.0,1.0,0.0,3.0,0.0,0.0,0.0,0.0
2008-02-05,2010-01-04,2010-01-05,2010-01-18,0.16637898615350655,0.4368465782894141,1.0,1.0,0.0,3.0,0.0,0.0,0.0,5.0,1.0,1.0,3.0,0.0,0.0,0.0,0.0
2008-02-19,2010-01-18,2010-01-19,2010-02-01,0.22141968898932762,0.2596892496763079,0.0,0.0,2.0,4.0,0.0,1.0,0.0,3.0,0.0,1.0,4.0,0.0,0.0,0.0,0.0
2008-03-04,2010-02-01,2010-02-02,2010-02-15,0.21669640653657105,-1.4556678704441515,0.0,0.0,2.0,3.0,1.0,1.0,1.0,4.0,0.0,0.0,1.0,0.0,0.0,1.0,1.0
2008-03-18,2010-02-15,2010-02-16,2010-03-01,-0.14934157139779036,-0.23566947825165652,1.0,1.0,2.0,2.0,1.0,0.0,1.0,2.0,0.0,0.0,1.0,0.0,0.0,3.0,1.0
2008-04-01,2010-03-01,2010-03-02,2010-03-15,0.040488292526409175,-0.2804730839781914,0.0,1.0,0.0,1.0,0.0,0.0,0.0,5.0,0.0,2.0,1.0,1.0,2.0,0.0,2.0
2008-04-15,2010-03-15,2010-03-16,2010-03-29,-0.022467018858102317,0.009033039437612689,4.0,0.0,4.0,0.0,0.0,0.0,0.0,5.0,0.0,0.0,0.0,0.0,1.0,1.0,0.0
2008-04-29,2010-03-29,2010-03-30,2010-04-12,0.1242781391450285,-0.054168777777880435,0.0,0.0,1.0,0.0,0.0,0.0,5.0,1.0,1.0,0.0,5.0,0.0,1.0,1.0,0.0
2008-05-13,2010-04-12,2010-04-13,2010-04-26,0.16320546754884824,-0.7463987120166484,0.0,1.0,0.0,1.0,4.0,0.0,1.0,5.0,0.0,2.0,0.0,0.0,0.0,0.0,1.0
2008-05-27,2010-04-26,2010-04-27,2010-05-10,0.21162854955349109,0.637705361493808,0.0,1.0,0.0,0.0,2.0,0.0,0.0,5.0,0.0,1.0,0.0,2.0,2.0,1.0,1.0
2008-06-10,2010-05-10,2010-05-11,2010-05-24,0.3517496303267229,0.0736011417646581,0.0,1.0,0.0,5.0,0.0,0.0,1.0,1.0,0.0,2.0,3.0,0.0,0.0,0.0,2.0
2008-06-24,2010-05-24,2010-05-25,2010-06-07,0.35175092273435027,-0.15979551658211533,0.0,0.0,0.0,2.0,0.0,0.0,1.0,5.0,0.0,3.0,0.0,0.0,0.0,1.0,3.0
2008-07-08,2010-06-07,2010-06-08,2010-06-21,1.2219205726109523,-0.07579914496512116,0.0,0.0,5.0,2.0,0.0,3.0,0.0,1.0,0.0,0.0,1.0,0.0,2.0,1.0,0.0
2008-07-22,2010-06-21,2010-06-22,2010-07-05,0.7878408396927883,0.3461984452425087,0.0,2.0,0.0,0.0,0.0,0.0,0.0,4.0,1.0,0.0,1.0,0.0,3.0,4.0,0.0
2008-08-05,2010-07-05,2010-07-06,2010-07-19,0.7878371992334274,-0.06883486093047818,1.0,0.0,0.0,1.0,0.0,0.0,1.0,3.0,3.0,0.0,2.0,0.0,2.0,0.0,2.0
2008-08-19,2010-07-19,2010-07-20,2010-08-02,0.8595072931704423,0.9908800838321238,4.0,0.0,0.0,0.0,0.0,0.0,0.0,4.0,4.0,0.0,2.0,0.0,0.0,1.0,0.0
2008-09-02,2010-08-02,2010-08-03,2010-08-16,0.8323062135503287,1.48214986371704,0.0,2.0,0.0,0.0,0.0,0.0,3.0,3.0,1.0,0.0,0.0,0.0,5.0,0.0,1.0
2008-09-16,2010-08-16,2010-08-17,2010-08-30,0.8323078899585266,-0.4777150711173473,0.0,0.0,3.0,3.0,1.0,0.0,1.0,2.0,0.0,0.0,0.0,3.0,0.0,0.0,2.0
2008-09-30,2010-08-30,2010-08-31,2010-09-13,0.8022705770112233,-1.217471656071792,2.0,0.0,0.0,0.0,4.0,0.0,2.0,3.0,2.0,0.0,0.0,0.0,0.0,2.0,0.0
2008-10-14,2010-09-13,2010-09-14,2010-09-27,0.8829139081392152,0.0637770914844092,0.0,3.0,1.0,2.0,0.0,5.0,0.0,0.0,0.0,0.0,0.0,1.0,0.0,2.0,1.0
2008-10-28,2010-09-27,2010-09-28,2010-10-11,0.8017920172089485,4.194213807751435,0.0,1.0,1.0,2.0,2.0,1.0,0.0,2.0,4.0,1.0,0.0,0.0,0.0,1.0,0.0
2008-11-11,2010-10-11,2010-10-12,2010-10-25,1.1617384241787343,0.7475457991896884,2.0,0.0,2.0,0.0,0.0,0.0,3.0,3.0,0.0,0.0,0.0,0.0,3.0,2.0,0.0
2008-11-25,2010-10-25,2010-10-26,2010-11-08,1.0951571893168521,0.10291434745391986,1.0,1.0,3.0,2.0,0.0,0.0,5.0,1.0,0.0,0.0,1.0,0.0,0.0,0.0,1.0
2008-12-09,2010-11-08,2010-11-09,2010-11-22,1.3303762130955825,-0.4099292007110314,0.0,2.0,1.0,0.0,0.0,1.0,2.0,0.0,0.0,1.0,4.0,0.0,1.0,1.0,2.0
2008-12-23,2010-11-22,2010-11-23,2010-12-06,1.7531599907590036,0.8167276583772756,2.0,4.0,0.0,2.0,1.0,0.0,0.0,1.0,0.0,0.0,3.0,1.0,0.0,0.0,1.0
2009-01-06,2010-12-06,2010-12-07,2010-12-20,0.09633269504332675,0.5669547206323853,0.0,0.0,0.0,5.0,0.0,2.0,0.0,0.0,0.0,0.0,1.0,3.0,3.0,0.0,1.0
2009-01-20,2010-12-20,2010-12-21,2011-01-03,0.4553693740372238,0.009914536860816392,0.0,1.0,4.0,0.0,1.0,1.0,1.0,0.0,0.0,0.0,0.0,1.0,3.0,3.0,0.0
2009-02-03,2011-01-03,2011-01-04,2011-01-17,0.35200356161341917,0.2743399853464334,0.0,0.0,1.0,2.0,4.0,3.0,0.0,0.0,1.0,1.0,0.0,3.0,0.0,0.0,0.0
2009-02-17,2011-01-17,2011-01-18,2011-01-31,0.4005086396780104,-0.8800312819042132,0.0,0.0,0.0,0.0,1.0,3.0,1.0,1.0,4.0,3.0,0.0,0.0,0.0,1.0,1.0
2009-03-03,2011-01-31,2011-02-01,2011-02-14,0.3042000461597053,0.2674061458772962,1.0,3.0,0.0,1.0,1.0,1.0,1.0,4.0,1.0,0.0,0.0,0.0,0.0,2.0,0.0
2009-03-17,2011-02-14,2011-02-15,2011-02-28,0.4290755008885983,0.36179303304352217,0.0,2.0,0.0,2.0,0.0,2.0,0.0,0.0,1.0,0.0,1.0,0.0,1.0,5.0,1.0
2009-03-31,2011-02-28,2011-03-01,2011-03-14,0.7103133197950562,-0.18608873682160942,0.0,0.0,0.0,0.0,0.0,1.0,0.0,1.0,0.0,5.0,2.0,4.0,2.0,0.0,0.0
2009-04-14,2011-03-14,2011-03-15,2011-03-28,0.5983859681780357,0.2405839895210924,0.0,1.0,1.0,1.0,0.0,1.0,2.0,0.0,0.0,1.0,0.0,1.0,0.0,4.0,3.0
2009-04-28,2011-03-28,2011-03-29,2011-04-11,0.5983913500047748,-0.8472982780221827,2.0,1.0,1.0,0.0,0.0,3.0,1.0,2.0,2.0,0.0,0.0,0.0,0.0,0.0,3.0
2009-05-12,2011-04-11,2011-04-12,2011-04-25,0.7044319808385997,-0.8332837118068552,0.0,1.0,0.0,2.0,0.0,3.0,0.0,0.0,1.0,0.0,1.0,2.0,0.0,1.0,4.0
2009-05-26,2011-04-25,2011-04-26,2011-05-09,0.30434687851144027,0.08708719665466719,2.0,3.0,0.0,0.0,0.0,2.0,0.0,0.0,5.0,1.0,0.0,0.0,0.0,1.0,1.0
2009-06-09,2011-05-09,2011-05-10,2011-05-23,0.4651998877645664,-0.551915893637285,1.0,3.0,1.0,0.0,4.0,1.0,0.0,0.0,0.0,1.0,0.0,0.0,2.0,1.0,1.0
2009-06-23,2011-05-23,2011-05-24,2011-06-06,0.4468379369796862,0.26484469971162755,0.0,0.0,0.0,0.0,3.0,0.0,0.0,0.0,2.0,0.0,2.0,4.0,4.0,0.0,0.0
2009-07-07,2011-06-06,2011-06-07,2011-06-20,0.48106576288022607,0.8093708331734836,2.0,1.0,1.0,1.0,3.0,1.0,1.0,0.0,0.0,1.0,0.0,1.0,2.0,1.0,0.0
2009-07-21,2011-06-20,2011-06-21,2011-07-04,0.617105269894006,2.615409078298142,0.0,0.0,0.0,2.0,0.0,4.0,4.0,0.0,2.0,1.0,0.0,2.0,0.0,0.0,0.0
2009-08-04,2011-07-04,2011-07-05,2011-07-18,0.1185280013315676,-0.9300900764724889,0.0,0.0,4.0,0.0,3.0,3.0,1.0,0.0,0.0,0.0,0.0,0.0,1.0,0.0,3.0
2009-08-18,2011-07-18,2011-07-19,2011-08-01,0.20671836343741823,0.01603449157289699,2.0,1.0,1.0,0.0,2.0,0.0,0.0,1.0,0.0,1.0,4.0,0.0,2.0,1.0,0.0
2009-09-01,2011-08-01,2011-08-02,2011-08-15,0.19165931496080424,0.15237467637869595,2.0,1.0,0.0,0.0,0.0,1.0,2.0,1.0,2.0,1.0,1.0,0.0,0.0,4.0,0.0
2009-09-15,2011-08-15,2011-08-16,2011-08-29,0.1916695969713238,-0.02505767231342943,0.0,2.0,0.0,0.0,0.0,0.0,2.0,2.0,0.0,0.0,3.0,3.0,1.0,0.0,2.0
2009-09-29,2011-08-29,2011-08-30,2011-09-12,0.1916661458024883,-0.21316725309940932,0.0,4.0,0.0,1.0,0.0,1.0,1.0,0.0,0.0,2.0,0.0,3.0,0.0,3.0,0.0
2009-10-13,2011-09-12,2011-09-13,2011-09-26,0.15715005922782327,0.201661430051497,0.0,0.0,1.0,3.0,4.0,0.0,0.0,0.0,2.0,0.0,1.0,1.0,1.0,2.0,0.0
2009-10-27,2011-09-26,2011-09-27,2011-10-10,0.1223290641419225,0.18263472667040048,0.0,1.0,1.0,1.0,1.0,3.0,0.0,2.0,0.0,4.0,0.0,2.0,0.0,0.0,0.0
2009-11-10,2011-10-10,2011-10-11,2011-10-24,0.21457815588871587,-0.29471922422864827,3.0,0.0,0.0,0.0,0.0,4.0,0.0,0.0,0.0,0.0,0.0,1.0,2.0,0.0,5.0
2009-11-24,2011-10-24,2011-10-25,2011-11-07,0.29495529408583243,-0.04709294632598153,1.0,0.0,1.0,2.0,1.0,1.0,4.0,0.0,0.0,0.0,1.0,0.0,0.0,4.0,0.0
2009-12-08,2011-11-07,2011-11-08,2011-11-21,0.2820975422870934,0.4469991880975654,1.0,1.0,0.0,0.0,3.0,0.0,3.0,0.0,2.0,1.0,0.0,1.0,0.0,2.0,1.0
2009-12-22,2011-11-21,2011-11-22,2011-12-05,0.28210190350342423,-0.34402150708487744,3.0,0.0,1.0,0.0,0.0,2.0,0.0,2.0,0.0,0.0,5.0,0.0,0.0,2.0,0.0
2010-01-05,2011-12-05,2011-12-06,2011-12-19,0.2863238282569255,0.0914244557254499,1.0,0.0,0.0,0.0,3.0,2.0,0.0,1.0,0.0,3.0,0.0,0.0,0.0,2.0,3.0
2010-01-19,2011-12-19,2011-12-20,2012-01-02,0.22837099327205346,0.07070208191179075,0.0,2.0,0.0,2.0,1.0,0.0,0.0,0.0,0.0,3.0,2.0,0.0,2.0,2.0,1.0
2010-02-02,2012-01-02,2012-01-03,2012-01-16,0.26220345401268,-0.24191901217628706,1.0,0.0,0.0,0.0,0.0,2.0,0.0,0.0,0.0,4.0,1.0,0.0,2.0,0.0,5.0
2010-02-16,2012-01-16,2012-01-17,2012-01-30,0.2075948823750895,0.4280468523186477,0.0,0.0,4.0,2.0,4.0,0.0,0.0,0.0,4.0,0.0,0.0,0.0,0.0,1.0,0.0
2010-03-02,2012-01-30,2012-01-31,2012-02-13,0.1882958828373853,-0.9926757465792837,4.0,0.0,0.0,1.0,0.0,5.0,3.0,0.0,0.0,2.0,0.0,0.0,0.0,0.0,0.0
2010-03-16,2012-02-13,2012-02-14,2012-02-27,0.18829809214497448,0.1468072569178325,0.0,0.0,5.0,3.0,0.0,1.0,0.0,0.0,0.0,0.0,1.0,0.0,0.0,1.0,4.0
2010-03-30,2012-02-27,2012-02-28,2012-03-12,0.263177787075371,-0.10575118711379558,0.0,0.0,5.0,2.0,2.0,1.0,0.0,0.0,0.0,2.0,2.0,0.0,0.0,0.0,1.0
2010-04-13,2012-03-12,2012-03-13,2012-03-26,0.2631750136576614,0.03161122162239509,0.0,1.0,0.0,1.0,1.0,0.0,0.0,0.0,1.0,0.0,1.0,0.0,4.0,4.0,2.0
2010-04-27,2012-03-26,2012-03-27,2012-04-09,0.2631761703947173,0.43786101912456954,0.0,2.0,0.0,1.0,0.0,2.0,4.0,0.0,1.0,0.0,1.0,0.0,2.0,2.0,0.0
2010-05-11,2012-04-09,2012-04-10,2012-04-23,0.2743707791033962,0.8488269502936387,0.0,1.0,0.0,1.0,0.0,3.0,1.0,0.0,0.0,1.0,0.0,4.0,2.0,1.0,1.0
2010-05-25,2012-04-23,2012-04-24,2012-05-07,0.2717229133921748,1.2461965563290396,0.0,1.0,0.0,3.0,1.0,3.0,1.0,0.0,2.0,0.0,1.0,0.0,2.0,1.0,0.0
2010-06-08,2012-05-07,2012-05-08,2012-05-21,0.26283680372823126,2.7654175782377495,0.0,0.0,2.0,0.0,0.0,2.0,0.0,0.0,3.0,0.0,0.0,2.0,5.0,1.0,0.0
2010-06-22,2012-05-21,2012-05-22,2012-06-04,0.2628654545526558,0.7319275676874581,0.0,0.0,0.0,0.0,0.0,0.0,0.0,0.0,5.0,0.0,0.0,0.0,7.5797769,2.4202231,0.0
2010-07-06,2012-06-04,2012-06-05,2012-06-18,0.2628654582406381,-0.09839354969136484,0.0,0.0,6.6260471,0.0,0.0,0.0,0.0,0.0,0.0,0.0,0.0,0.0,5.0,5.0,-1.6260471
2010-07-20,2012-06-18,2012-06-19,2012-07-02,0.25986538316175256,-0.10624275846038594,0.0,0.0,-523.91018,5.0,0.0,0.0,0.0,0.0,0.0,0.0,0.0,5.0,5.0,5.0,518.91018
2010-08-03,2012-07-02,2012-07-03,2012-07-16,0.2261520567076687,-0.41409087726896543,0.0,0.0,0.0,0.0,0.0,0.0,5.0,0.0,-23.673184,0.0,0.0,0.0,5.0,5.0,23.673184
2010-08-17,2012-07-16,2012-07-17,2012-07-30,0.22615206248947517,-3.309739967941431,0.0,0.0,0.0,111.78549,0.0,0.0,0.0,0.0,-111.78549,0.0,0.0,0.0,5.0,5.0,5.0
2010-08-31,2012-07-30,2012-07-31,2012-08-13,0.25928578219090026,0.0,0.0,0.0,0.0,0.0,0.0,0.0,0.0,0.0,0.0,5.0,0.0,0.0,5.0,5.0,0.0
2010-09-14,2012-08-13,2012-08-14,2012-08-27,0.2562275255461548,1.066470280952248,0.0,0.0,-17.098117,5.0,0.0,0.0,12.098117,0.0,0.0,5.0,0.0,0.0,5.0,5.0,0.0
2010-09-28,2012-08-27,2012-08-28,2012-09-10,0.3519217970543951,0.02592408209257778,0.0,0.0,0.0,0.0,0.0,0.0,0.0,0.0,0.0,0.0,0.0,0.0,5.0,5.0,5.0
2010-10-12,2012-09-10,2012-09-11,2012-09-24,0.2634546887458667,0.8300204119085143,2.0,1.0,2.0,0.0,0.0,0.0,0.0,0.0,3.0,0.0,0.0,0.0,4.0,2.0,1.0
2010-10-26,2012-09-24,2012-09-25,2012-10-08,0.27697339370391566,1.3311483621624964,2.0,0.0,0.0,0.0,0.0,0.0,0.0,0.0,5.0,0.0,0.0,1.0,5.0,1.0,1.0
2010-11-09,2012-10-08,2012-10-09,2012-10-22,0.27637659038452755,-0.21897606939906933,0.0,0.0,0.0,1.0,0.0,0.0,1.0,0.0,3.0,0.0,0.0,0.0,5.0,0.0,5.0
2010-11-23,2012-10-22,2012-10-23,2012-11-05,0.2764657331720377,0.0,0.0,0.0,0.0,3.0,0.0,0.0,0.0,0.0,5.0,0.0,0.0,0.0,3.0,0.0,4.0
2010-12-07,2012-11-05,2012-11-06,2012-11-19,0.280259934082142,0.91553751756523,0.0,0.0,0.0,0.0,0.0,0.0,0.0,0.0,-7.7032843,0.0,0.0,0.0,17.703284,0.0,5.0
2010-12-21,2012-11-19,2012-11-20,2012-12-03,0.2802599486819631,-7.980869495833915,0.0,0.0,0.0,5.0,0.0,0.0,0.0,0.0,-461.82287,0.0,0.0,5.0,461.82287,0.0,5.0
2011-01-04,2012-12-03,2012-12-04,2012-12-17,0.2969130785717494,0.24992341333830342,0.0,0.0,0.0,-5.090399,0.0,0.0,0.0,0.0,0.0,5.0,0.0,10.090399,0.0,0.0,5.0
2011-01-18,2012-12-17,2012-12-18,2012-12-31,0.28493829725849606,0.2628681660530537,1.0,1.0,0.0,5.0,0.0,0.0,1.0,0.0,4.0,0.0,0.0,0.0,0.0,1.0,2.0
2011-02-01,2012-12-31,2013-01-01,2013-01-14,0.32252862292748485,0.16251512486343778,2.0,0.0,0.0,1.0,0.0,0.0,0.0,0.0,4.0,0.0,0.0,0.0,3.0,0.0,5.0
2011-02-15,2013-01-14,2013-01-15,2013-01-28,0.3458719158647473,-0.09842194177281738,1.0,1.0,2.0,0.0,0.0,0.0,1.0,0.0,3.0,0.0,0.0,0.0,3.0,0.0,4.0
2011-03-01,2013-01-28,2013-01-29,2013-02-11,0.07691580038732221,0.18665651091960633,5.0,0.0,0.0,0.0,0.0,0.0,0.0,0.0,5.0,0.0,0.0,0.0,0.0,0.0,5.0
2011-03-15,2013-02-11,2013-02-12,2013-02-25,0.1471640446902137,-0.134165355099352,3.0,0.0,3.0,1.0,0.0,0.0,0.0,0.0,5.0,1.0,1.0,0.0,1.0,0.0,0.0
2011-03-29,2013-02-25,2013-02-26,2013-03-11,0.2683074835102719,-0.06998132569825118,3.0,1.0,4.0,2.0,0.0,0.0,1.0,0.0,4.0,0.0,0.0,0.0,0.0,0.0,0.0
2011-04-12,2013-03-11,2013-03-12,2013-03-25,0.23332561238512117,-0.2815648761930062,2.0,0.0,2.0,1.0,1.0,0.0,0.0,0.0,5.0,0.0,0.0,0.0,2.0,0.0,2.0
2011-04-26,2013-03-25,2013-03-26,2013-04-08,0.2660414673015352,0.14404559597164282,0.0,2.0,1.0,3.0,0.0,0.0,3.0,0.0,5.0,0.0,0.0,0.0,1.0,0.0,0.0
2011-05-10,2013-04-08,2013-04-09,2013-04-22,0.2840861553657625,0.1925405956101534,0.0,0.0,0.0,1.0,0.0,0.0,3.0,0.0,5.0,0.0,0.0,0.0,0.0,3.0,3.0
2011-05-24,2013-04-22,2013-04-23,2013-05-06,0.2608083754090038,-0.1319189845501733,0.0,1.0,0.0,5.0,0.0,0.0,1.0,0.0,3.0,2.0,0.0,0.0,0.0,1.0,2.0
2011-06-07,2013-05-06,2013-05-07,2013-05-20,0.27032203180987047,-0.03758236143940299,1.0,4.0,0.0,1.0,0.0,0.0,0.0,0.0,5.0,1.0,0.0,0.0,0.0,0.0,3.0
2011-06-21,2013-05-20,2013-05-21,2013-06-03,0.1826873265520082,0.07213563228745634,2.0,0.0,4.0,4.0,0.0,0.0,0.0,0.0,0.0,0.0,0.0,0.0,1.0,0.0,4.0
2011-07-05,2013-06-03,2013-06-04,2013-06-17,0.21493976703230083,0.05587977969311293,0.0,1.0,0.0,1.0,0.0,0.0,3.0,2.0,5.0,0.0,0.0,0.0,0.0,0.0,3.0
2011-07-19,2013-06-17,2013-06-18,2013-07-01,0.19096967481987648,0.18545870333644435,3.0,1.0,0.0,5.0,1.0,0.0,0.0,0.0,2.0,1.0,0.0,0.0,0.0,2.0,0.0
2011-08-02,2013-07-01,2013-07-02,2013-07-15,0.21645029320104547,0.3448836796019857,5.0,0.0,1.0,0.0,1.0,0.0,0.0,0.0,3.0,2.0,0.0,0.0,0.0,2.0,1.0
2011-08-16,2013-07-15,2013-07-16,2013-07-29,0.18870260031097796,-0.43347414769333237,1.0,0.0,4.0,3.0,0.0,0.0,0.0,1.0,4.0,0.0,0.0,1.0,0.0,0.0,1.0
2011-08-30,2013-07-29,2013-07-30,2013-08-12,0.1886976112489629,-0.023743427595800618,1.0,1.0,1.0,3.0,0.0,0.0,0.0,0.0,3.0,1.0,0.0,2.0,1.0,1.0,1.0
2011-09-13,2013-08-12,2013-08-13,2013-08-26,0.22415649839814272,0.8232910789312213,0.0,0.0,4.0,4.0,0.0,0.0,0.0,1.0,4.0,1.0,0.0,1.0,0.0,0.0,0.0
2011-09-27,2013-08-26,2013-08-27,2013-09-09,0.2677035514746914,-0.08711712584362022,1.0,1.0,1.0,1.0,0.0,0.0,0.0,0.0,5.0,4.0,0.0,1.0,0.0,1.0,0.0
2011-10-11,2013-09-09,2013-09-10,2013-09-23,0.1460727589864934,0.22922103414450226,3.0,0.0,2.0,1.0,0.0,0.0,0.0,1.0,3.0,0.0,0.0,4.0,1.0,0.0,0.0
2011-10-25,2013-09-23,2013-09-24,2013-10-07,0.005172300556414822,-0.28762100813871305,2.0,0.0,2.0,5.0,0.0,0.0,0.0,1.0,4.0,0.0,0.0,0.0,0.0,1.0,0.0
2011-11-08,2013-10-07,2013-10-08,2013-10-21,0.07943381904816837,0.05731952558496961,5.0,0.0,0.0,0.0,0.0,0.0,5.0,0.0,4.0,0.0,0.0,0.0,1.0,0.0,0.0
2011-11-22,2013-10-21,2013-10-22,2013-11-04,0.09023376655348204,0.16337743124905213,4.0,0.0,0.0,4.0,1.0,0.0,0.0,0.0,0.0,0.0,0.0,5.0,0.0,0.0,1.0
2011-12-06,2013-11-04,2013-11-05,2013-11-18,0.09469467337116189,-0.06811603794786336,0.0,0.0,0.0,4.0,0.0,0.0,0.0,0.0,4.0,0.0,0.0,0.0,2.0,0.0,5.0
2011-12-20,2013-11-18,2013-11-19,2013-12-02,0.09469280314990447,0.21092177950284516,5.0,0.0,0.0,3.0,0.0,0.0,1.0,0.0,1.0,0.0,0.0,3.0,0.0,1.0,1.0
2012-01-03,2013-12-02,2013-12-03,2013-12-16,0.06949510686882016,-0.11586500069062386,3.0,0.0,0.0,3.0,1.0,0.0,0.0,0.0,3.0,1.0,0.0,0.0,1.0,3.0,0.0
2012-01-17,2013-12-16,2013-12-17,2013-12-30,0.055012759496544605,-0.1783771495848383,3.0,0.0,4.0,2.0,0.0,0.0,0.0,0.0,4.0,0.0,0.0,0.0,1.0,0.0,1.0
2012-01-31,2013-12-30,2013-12-31,2014-01-13,0.08384537957657767,1.0965244800907774,2.0,1.0,4.0,4.0,0.0,0.0,0.0,0.0,0.0,0.0,0.0,0.0,1.0,3.0,0.0
2012-02-14,2014-01-13,2014-01-14,2014-01-27,0.0995348970375014,-0.4121493868290538,0.0,2.0,1.0,2.0,0.0,0.0,0.0,0.0,5.0,0.0,0.0,1.0,1.0,2.0,1.0
2012-02-28,2014-01-27,2014-01-28,2014-02-10,0.013122380023577462,0.1827253370907434,0.0,3.0,0.0,0.0,0.0,0.0,0.0,0.0,5.0,1.0,0.0,1.0,1.0,1.0,3.0
2012-03-13,2014-02-10,2014-02-11,2014-02-24,0.007679539164656968,0.17695072917333599,5.0,1.0,1.0,0.0,0.0,0.0,0.0,0.0,0.0,2.0,0.0,5.0,1.0,0.0,0.0
2012-03-27,2014-02-24,2014-02-25,2014-03-10,0.007670606989335166,0.158538049933169,2.0,0.0,1.0,3.0,0.0,0.0,1.0,0.0,4.0,1.0,0.0,2.0,1.0,0.0,0.0
2012-04-10,2014-03-10,2014-03-11,2014-03-24,0.007680030654181075,0.4860485072798774,1.0,4.0,0.0,3.0,0.0,0.0,0.0,2.0,3.0,0.0,0.0,1.0,1.0,0.0,0.0
2012-04-24,2014-03-24,2014-03-25,2014-04-07,-0.007406197047579416,0.403312626577458,4.0,0.0,2.0,1.0,0.0,0.0,0.0,0.0,3.0,2.0,0.0,3.0,0.0,0.0,0.0
2012-05-08,2014-04-07,2014-04-08,2014-04-21,0.011411899982786564,-0.1798387579979101,5.0,0.0,0.0,3.0,0.0,0.0,0.0,0.0,0.0,0.0,0.0,4.0,1.0,1.0,1.0
2012-05-22,2014-04-21,2014-04-22,2014-05-05,0.01926743303378564,-0.00912338053506731,2.0,3.0,0.0,0.0,0.0,0.0,0.0,1.0,3.0,0.0,0.0,3.0,0.0,3.0,0.0
2012-06-05,2014-05-05,2014-05-06,2014-05-19,0.043836010607516594,0.19612934419813755,4.0,0.0,2.0,0.0,0.0,5.0,0.0,1.0,1.0,0.0,0.0,0.0,1.0,0.0,1.0
2012-06-19,2014-05-19,2014-05-20,2014-06-02,0.0429411694204313,0.4059289315343046,3.0,1.0,1.0,0.0,0.0,0.0,0.0,0.0,0.0,0.0,0.0,4.0,1.0,2.0,3.0
2012-07-03,2014-06-02,2014-06-03,2014-06-16,0.04810706391902225,-0.29655101630530567,2.0,3.0,1.0,5.0,0.0,0.0,1.0,0.0,1.0,0.0,0.0,2.0,0.0,0.0,0.0
2012-07-17,2014-06-16,2014-06-17,2014-06-30,0.048106060460685635,-0.11561426217670295,1.0,2.0,0.0,2.0,0.0,0.0,0.0,0.0,5.0,1.0,0.0,2.0,1.0,1.0,0.0
2012-07-31,2014-06-30,2014-07-01,2014-07-14,0.018939712863804026,0.17602408721326257,0.0,0.0,4.0,4.0,0.0,0.0,1.0,0.0,3.0,0.0,0.0,0.0,0.0,0.0,3.0
2012-08-14,2014-07-14,2014-07-15,2014-07-28,0.01894433198969875,0.005225477290108922,2.0,0.0,3.0,3.0,0.0,0.0,0.0,0.0,1.0,0.0,0.0,1.0,1.0,0.0,4.0
2012-08-28,2014-07-28,2014-07-29,2014-08-11,0.0012236689550040314,0.011182612919376056,0.0,1.0,5.0,2.0,0.0,0.0,0.0,0.0,2.0,1.0,0.0,2.0,0.0,0.0,2.0
2012-09-11,2014-08-11,2014-08-12,2014-08-25,0.023690227370299785,0.0,0.0,0.0,5.0,3.0,0.0,0.0,1.0,0.0,0.0,1.0,0.0,5.0,0.0,0.0,0.0
2012-09-25,2014-08-25,2014-08-26,2014-09-08,0.006261548740631007,0.11901528072658658,2.0,0.0,4.0,2.0,0.0,0.0,0.0,0.0,0.0,1.0,0.0,5.0,1.0,0.0,0.0
2012-10-09,2014-09-08,2014-09-09,2014-09-22,0.006253150832568569,0.08605658323676779,5.0,0.0,2.0,0.0,0.0,0.0,0.0,0.0,0.0,3.0,0.0,5.0,0.0,0.0,0.0
2012-10-23,2014-09-22,2014-09-23,2014-10-06,0.07482150393500231,-0.07608507641842548,5.0,2.0,0.0,3.0,0.0,0.0,0.0,0.0,0.0,0.0,0.0,0.0,0.0,4.0,1.0
2012-11-06,2014-10-06,2014-10-07,2014-10-20,0.06884381762414477,-0.06185172976419748,5.0,0.0,0.0,3.0,1.0,0.0,0.0,0.0,1.0,3.0,0.0,0.0,0.0,2.0,0.0
2012-11-20,2014-10-20,2014-10-21,2014-11-03,0.0697355310675262,0.07358658666107201,5.0,2.0,3.0,0.0,1.0,0.0,0.0,0.0,0.0,0.0,0.0,1.0,0.0,3.0,0.0
2012-12-04,2014-11-03,2014-11-04,2014-11-17,0.13331417468653745,-0.1964077153102673,4.0,0.0,1.0,1.0,1.0,0.0,0.0,0.0,0.0,0.0,0.0,2.0,0.0,5.0,1.0
2012-12-18,2014-11-17,2014-11-18,2014-12-01,0.06477224477095089,0.026697847225051398,3.0,0.0,4.0,0.0,0.0,0.0,0.0,0.0,0.0,1.0,0.0,3.0,0.0,2.0,2.0
2013-01-01,2014-12-01,2014-12-02,2014-12-15,0.1926596857220637,-0.0746362772129777,5.0,0.0,5.0,0.0,0.0,1.0,0.0,0.0,0.0,1.0,1.0,1.0,0.0,0.0,1.0
2013-01-15,2014-12-15,2014-12-16,2014-12-29,0.10778030252107583,0.3557266076991415,2.0,1.0,2.0,0.0,0.0,0.0,0.0,0.0,0.0,0.0,0.0,5.0,2.0,2.0,1.0
2013-01-29,2014-12-29,2014-12-30,2015-01-12,0.20671182580188596,-0.01718588110978985,3.0,0.0,5.0,0.0,0.0,0.0,2.0,0.0,0.0,2.0,0.0,0.0,1.0,2.0,0.0
2013-02-12,2015-01-12,2015-01-13,2015-01-26,0.1490478365447342,-0.3069665481360404,5.0,0.0,0.0,0.0,1.0,0.0,0.0,0.0,0.0,1.0,0.0,1.0,0.0,4.0,3.0
2013-02-26,2015-01-26,2015-01-27,2015-02-09,0.0417159457099291,-0.27348834544775874,5.0,0.0,3.0,2.0,0.0,0.0,1.0,0.0,0.0,0.0,0.0,3.0,0.0,1.0,0.0
2013-03-12,2015-02-09,2015-02-10,2015-02-23,0.10960797716862813,-0.1174223313565902,4.0,0.0,0.0,3.0,1.0,0.0,5.0,0.0,0.0,0.0,0.0,1.0,0.0,1.0,0.0
2013-03-26,2015-02-23,2015-02-24,2015-03-09,0.12286753644963999,-0.027873541329082423,5.0,2.0,5.0,1.0,0.0,0.0,1.0,0.0,0.0,0.0,0.0,0.0,0.0,1.0,0.0
2013-04-09,2015-03-09,2015-03-10,2015-03-23,0.09785733754406739,0.044803778433791575,4.0,0.0,1.0,0.0,0.0,0.0,2.0,0.0,0.0,0.0,1.0,0.0,2.0,4.0,1.0
2013-04-23,2015-03-23,2015-03-24,2015-04-06,0.12966912549584508,-0.16353628168063727,2.0,0.0,4.0,2.0,0.0,0.0,0.0,0.0,0.0,0.0,0.0,0.0,0.0,5.0,2.0
2013-05-07,2015-04-06,2015-04-07,2015-04-20,0.12967442921787975,-0.41651881275382957,3.0,0.0,0.0,0.0,0.0,1.0,1.0,0.0,0.0,0.0,5.0,5.0,0.0,0.0,0.0
2013-05-21,2015-04-20,2015-04-21,2015-05-04,0.14409137561293894,-0.11332813334098342,0.0,0.0,0.0,2.0,3.0,0.0,0.0,0.0,0.0,0.0,5.0,1.0,1.0,3.0,0.0
2013-06-04,2015-05-04,2015-05-05,2015-05-18,0.14408755386620536,0.06267052444095743,3.0,2.0,0.0,1.0,2.0,0.0,0.0,0.0,0.0,0.0,2.0,0.0,0.0,1.0,4.0
2013-06-18,2015-05-18,2015-05-19,2015-06-01,0.17588410657366432,0.38916447326341796,4.0,1.0,0.0,0.0,0.0,1.0,0.0,0.0,1.0,0.0,3.0,0.0,2.0,0.0,3.0
2013-07-02,2015-06-01,2015-06-02,2015-06-15,0.20588904080964715,-0.11604173245102925,1.0,0.0,0.0,0.0,0.0,1.0,0.0,2.0,0.0,0.0,4.0,3.0,3.0,1.0,0.0
2013-07-16,2015-06-15,2015-06-16,2015-06-29,0.205838232424988,-0.09985680362767428,0.0,0.0,0.0,1.0,2.0,0.0,3.0,0.0,0.0,1.0,0.0,0.0,4.0,1.0,3.0
2013-07-30,2015-06-29,2015-06-30,2015-07-13,0.1881540273822172,0.2603863211874483,0.0,0.0,0.0,0.0,0.0,2.0,0.0,0.0,0.0,1.0,2.0,1.0,5.0,0.0,4.0
2013-08-13,2015-07-13,2015-07-14,2015-07-27,0.18815069908682347,0.12147067052692417,1.0,0.0,0.0,1.0,0.0,0.0,0.0,2.0,0.0,1.0,0.0,4.0,3.0,3.0,0.0
2013-08-27,2015-07-27,2015-07-28,2015-08-10,0.17272094308837332,0.12927066596078535,0.0,0.0,0.0,3.0,0.0,0.0,4.0,0.0,1.0,0.0,0.0,2.0,0.0,0.0,5.0
2013-09-10,2015-08-10,2015-08-11,2015-08-24,0.1727193546115332,-0.04734820815595232,1.0,3.0,0.0,4.0,0.0,0.0,0.0,0.0,0.0,1.0,4.0,1.0,1.0,0.0,0.0
2013-09-24,2015-08-24,2015-08-25,2015-09-07,0.17954449115950297,-0.18205922914393063,2.0,0.0,0.0,1.0,0.0,1.0,0.0,0.0,1.0,1.0,0.0,5.0,1.0,1.0,2.0
2013-10-08,2015-09-07,2015-09-08,2015-09-21,0.20368268410852225,-0.06473370578678637,1.0,1.0,0.0,1.0,0.0,1.0,3.0,1.0,0.0,0.0,1.0,5.0,0.0,0.0,1.0
2013-10-22,2015-09-21,2015-09-22,2015-10-05,0.2459762410408247,-0.21237236691086941,4.0,4.0,0.0,1.0,0.0,0.0,0.0,0.0,0.0,2.0,0.0,2.0,1.0,0.0,1.0
2013-11-05,2015-10-05,2015-10-06,2015-10-19,0.24598256483223357,0.11140541127770202,1.0,0.0,1.0,5.0,0.0,0.0,2.0,0.0,1.0,0.0,0.0,4.0,0.0,1.0,0.0
2013-11-19,2015-10-19,2015-10-20,2015-11-02,0.21747772674422022,-0.10884874666960134,2.0,0.0,0.0,1.0,0.0,2.0,0.0,0.0,0.0,0.0,0.0,2.0,3.0,0.0,5.0
2013-12-03,2015-11-02,2015-11-03,2015-11-16,0.2174778777230214,0.0365590807909056,3.0,1.0,0.0,1.0,0.0,0.0,1.0,1.0,1.0,1.0,3.0,0.0,0.0,3.0,0.0
2013-12-17,2015-11-16,2015-11-17,2015-11-30,0.22584189069486799,-0.09931909478831255,1.0,1.0,0.0,1.0,0.0,3.0,5.0,0.0,0.0,0.0,0.0,1.0,0.0,3.0,0.0
2013-12-31,2015-11-30,2015-12-01,2015-12-14,0.2181806770581718,-0.165713685034982,1.0,1.0,4.0,0.0,0.0,0.0,2.0,0.0,0.0,0.0,0.0,4.0,2.0,1.0,0.0
2014-01-14,2015-12-14,2015-12-15,2015-12-28,0.15835724016894154,-0.08033272339749786,2.0,2.0,0.0,2.0,1.0,1.0,1.0,1.0,0.0,0.0,2.0,1.0,1.0,1.0,0.0
2014-01-28,2015-12-28,2015-12-29,2016-01-11,0.2666409823801217,-0.08061443239435045,0.0,0.0,1.0,2.0,1.0,0.0,0.0,0.0,0.0,0.0,0.0,1.0,5.0,0.0,5.0
2014-02-11,2016-01-11,2016-01-12,2016-01-25,0.27299870576227425,-0.12667234960458115,0.0,2.0,0.0,1.0,2.0,1.0,2.0,1.0,0.0,0.0,3.0,1.0,0.0,2.0,0.0
2014-02-25,2016-01-25,2016-01-26,2016-02-08,0.25538061541360735,0.26798957152810643,0.0,0.0,0.0,2.0,0.0,5.0,2.0,0.0,0.0,0.0,0.0,2.0,0.0,3.0,1.0
2014-03-11,2016-02-08,2016-02-09,2016-02-22,0.25538186072220637,-0.06159028734313576,3.0,0.0,1.0,2.0,0.0,3.0,1.0,0.0,0.0,0.0,0.0,0.0,1.0,4.0,0.0
2014-03-25,2016-02-22,2016-02-23,2016-03-07,0.2621346424122822,0.0033411175723949624,1.0,0.0,0.0,0.0,0.0,0.0,0.0,0.0,2.0,5.0,2.0,0.0,3.0,2.0,0.0
2014-04-08,2016-03-07,2016-03-08,2016-03-21,0.2571181747802669,-0.03681845652758056,1.0,0.0,0.0,1.0,0.0,3.0,0.0,2.0,1.0,1.0,4.0,0.0,0.0,2.0,0.0
2014-04-22,2016-03-21,2016-03-22,2016-04-04,0.2552105838388904,-0.15008854329867893,1.0,0.0,0.0,0.0,2.0,0.0,0.0,1.0,2.0,1.0,1.0,3.0,0.0,3.0,1.0
2014-05-06,2016-04-04,2016-04-05,2016-04-18,0.22854779742888087,-0.12726463953498096,0.0,0.0,0.0,1.0,2.0,0.0,0.0,2.0,0.0,0.0,2.0,3.0,2.0,3.0,0.0
2014-05-20,2016-04-18,2016-04-19,2016-05-02,0.24613101498483947,0.1255783309931231,3.0,0.0,0.0,0.0,1.0,0.0,0.0,5.0,1.0,0.0,3.0,2.0,0.0,0.0,0.0
2014-06-03,2016-05-02,2016-05-03,2016-05-16,0.2238792136323786,-0.292967407467485,0.0,0.0,0.0,2.0,0.0,1.0,0.0,1.0,4.0,1.0,0.0,4.0,2.0,0.0,0.0
2014-06-17,2016-05-16,2016-05-17,2016-05-30,0.18149586946031193,0.42995617956342036,0.0,0.0,2.0,0.0,3.0,1.0,0.0,0.0,0.0,0.0,5.0,2.0,2.0,0.0,0.0
2014-07-01,2016-05-30,2016-05-31,2016-06-13,0.22596620120486277,-0.19145896344872865,0.0,3.0,0.0,0.0,1.0,0.0,1.0,0.0,3.0,0.0,0.0,1.0,1.0,0.0,5.0
2014-07-15,2016-06-13,2016-06-14,2016-06-27,0.21094496933211704,0.31726277181879703,2.0,0.0,1.0,5.0,0.0,0.0,1.0,2.0,0.0,0.0,2.0,2.0,0.0,0.0,0.0
2014-07-29,2016-06-27,2016-06-28,2016-07-11,0.278675620848331,0.36785089503459356,5.0,0.0,0.0,0.0,0.0,3.0,0.0,0.0,0.0,5.0,0.0,0.0,1.0,0.0,1.0
2014-08-12,2016-07-11,2016-07-12,2016-07-25,0.27867596966015074,-0.37159620784487984,1.0,0.0,0.0,0.0,0.0,0.0,2.0,0.0,1.0,1.0,5.0,1.0,4.0,0.0,0.0
2014-08-26,2016-07-25,2016-07-26,2016-08-08,0.2368421620912753,-0.07916275505691246,4.0,1.0,1.0,1.0,0.0,0.0,2.0,0.0,3.0,1.0,2.0,0.0,0.0,0.0,0.0
2014-09-09,2016-08-08,2016-08-09,2016-08-22,0.28562299647957645,-0.09642485002494243,1.0,2.0,2.0,0.0,2.0,0.0,1.0,2.0,0.0,0.0,1.0,0.0,2.0,2.0,0.0
2014-09-23,2016-08-22,2016-08-23,2016-09-05,0.24516818931938267,0.13504734148925598,1.0,0.0,2.0,2.0,1.0,0.0,4.0,0.0,0.0,1.0,0.0,4.0,0.0,0.0,0.0
2014-10-07,2016-09-05,2016-09-06,2016-09-19,0.19401574905378394,0.23517419480692564,1.0,0.0,0.0,5.0,1.0,1.0,1.0,1.0,0.0,1.0,0.0,4.0,0.0,0.0,0.0
2014-10-21,2016-09-19,2016-09-20,2016-10-03,0.1986605096666083,-0.34172336570128503,0.0,4.0,0.0,0.0,0.0,1.0,4.0,0.0,0.0,1.0,0.0,5.0,0.0,0.0,0.0
2014-11-04,2016-10-03,2016-10-04,2016-10-17,0.12004757172679925,-0.01735788960252209,0.0,2.0,0.0,3.0,1.0,1.0,1.0,3.0,0.0,0.0,0.0,1.0,3.0,0.0,0.0
2014-11-18,2016-10-17,2016-10-18,2016-10-31,0.16095088655428152,0.2636120654004886,0.0,1.0,0.0,0.0,0.0,0.0,0.0,4.0,2.0,2.0,0.0,4.0,1.0,0.0,1.0
2014-12-02,2016-10-31,2016-11-01,2016-11-14,0.03565162785828073,-0.05965185220849338,0.0,0.0,1.0,1.0,2.0,2.0,1.0,0.0,0.0,0.0,0.0,0.0,1.0,5.0,2.0
2014-12-16,2016-11-14,2016-11-15,2016-11-28,0.09719538991932325,0.06260266433499118,1.0,1.0,1.0,0.0,5.0,0.0,1.0,0.0,4.0,0.0,0.0,1.0,0.0,1.0,0.0
2014-12-30,2016-11-28,2016-11-29,2016-12-12,0.03150837862444748,0.02278332296955878,1.0,0.0,0.0,0.0,0.0,1.0,1.0,1.0,5.0,1.0,4.0,0.0,0.0,1.0,0.0
2015-01-13,2016-12-12,2016-12-13,2016-12-26,0.08053961761231611,-0.05516155205968931,0.0,0.0,0.0,3.0,0.0,5.0,0.0,0.0,3.0,0.0,0.0,1.0,0.0,2.0,1.0
2015-01-27,2016-12-26,2016-12-27,2017-01-09,-0.015891622653554593,0.1762756557850157,1.0,1.0,0.0,0.0,0.0,1.0,2.0,0.0,0.0,1.0,3.0,2.0,1.0,0.0,3.0
2015-02-10,2017-01-09,2017-01-10,2017-01-23,0.009876423672434798,0.019209397447679383,1.0,1.0,0.0,0.0,1.0,2.0,0.0,0.0,0.0,1.0,4.0,3.0,0.0,0.0,2.0
2015-02-24,2017-01-23,2017-01-24,2017-02-06,-0.025015185307403542,0.21191463138601047,1.0,2.0,1.0,0.0,0.0,0.0,0.0,0.0,5.0,2.0,0.0,0.0,3.0,1.0,0.0
2015-03-10,2017-02-06,2017-02-07,2017-02-20,0.017122818406247298,1.2447548565410802,1.0,4.0,0.0,0.0,0.0,2.0,2.0,0.0,1.0,0.0,4.0,0.0,0.0,1.0,0.0
2015-03-24,2017-02-20,2017-02-21,2017-03-06,-0.011517311815613024,-0.20415129112017774,3.0,0.0,1.0,1.0,0.0,2.0,2.0,1.0,0.0,0.0,1.0,0.0,3.0,0.0,1.0
2015-04-07,2017-03-06,2017-03-07,2017-03-20,-0.011516969445396846,-0.023246044409322986,4.0,2.0,0.0,4.0,2.0,0.0,0.0,0.0,0.0,1.0,0.0,0.0,1.0,1.0,0.0
2015-04-21,2017-03-20,2017-03-21,2017-04-03,-0.008668601267583953,0.4413634048982194,5.0,0.0,0.0,1.0,2.0,0.0,3.0,0.0,0.0,1.0,0.0,0.0,0.0,0.0,3.0
2015-05-05,2017-04-03,2017-04-04,2017-04-17,-0.008667154286192358,0.42942218944770116,4.0,1.0,0.0,1.0,1.0,0.0,0.0,0.0,1.0,0.0,0.0,2.0,0.0,1.0,4.0
2015-05-19,2017-04-17,2017-04-18,2017-05-01,-0.03546787152719808,-0.15843889753709856,3.0,0.0,0.0,4.0,1.0,0.0,0.0,5.0,0.0,0.0,0.0,2.0,0.0,0.0,0.0
2015-06-02,2017-05-01,2017-05-02,2017-05-15,-0.10090175373675797,0.16832908544557112,3.0,0.0,0.0,0.0,1.0,0.0,0.0,2.0,0.0,5.0,0.0,2.0,0.0,2.0,0.0
2015-06-16,2017-05-15,2017-05-16,2017-05-29,0.006472707429615809,0.36017530834019124,5.0,0.0,1.0,1.0,0.0,0.0,3.0,0.0,0.0,0.0,1.0,3.0,1.0,0.0,0.0
2015-06-30,2017-05-29,2017-05-30,2017-06-12,-0.013030789369123497,0.14973084824091717,1.0,1.0,0.0,0.0,0.0,0.0,0.0,1.0,3.0,0.0,1.0,0.0,3.0,5.0,0.0
2015-07-14,2017-06-12,2017-06-13,2017-06-26,-0.01834776323817866,-0.019021487418944206,5.0,0.0,0.0,1.0,0.0,0.0,1.0,0.0,0.0,1.0,2.0,0.0,1.0,4.0,0.0
2015-07-28,2017-06-26,2017-06-27,2017-07-10,-0.018345655355392315,0.26635639355873775,3.0,0.0,4.0,0.0,0.0,0.0,0.0,4.0,0.0,0.0,0.0,0.0,1.0,2.0,1.0
2015-08-11,2017-07-10,2017-07-11,2017-07-24,0.07116938370368767,-0.21868697545194798,4.0,0.0,1.0,0.0,1.0,1.0,1.0,0.0,3.0,0.0,0.0,0.0,2.0,1.0,1.0
2015-08-25,2017-07-24,2017-07-25,2017-08-07,0.019115648324186385,0.18332310431756604,0.0,1.0,0.0,0.0,0.0,0.0,0.0,5.0,2.0,0.0,0.0,1.0,1.0,1.0,4.0
2015-09-08,2017-08-07,2017-08-08,2017-08-21,-0.034003914189137396,-0.29031525548659065,3.0,1.0,3.0,1.0,0.0,0.0,0.0,0.0,1.0,1.0,0.0,0.0,1.0,4.0,0.0
2015-09-22,2017-08-21,2017-08-22,2017-09-04,-0.04477962900126786,0.08969412837166853,5.0,0.0,0.0,0.0,0.0,0.0,0.0,3.0,0.0,0.0,3.0,4.0,0.0,0.0,0.0
2015-10-06,2017-09-04,2017-09-05,2017-09-18,-0.04477760089357984,-0.031150701387591503,5.0,0.0,0.0,0.0,1.0,0.0,0.0,0.0,1.0,5.0,0.0,0.0,2.0,1.0,0.0
2015-10-20,2017-09-18,2017-09-19,2017-10-02,-0.022413941879497773,0.18149526361353968,3.0,0.0,2.0,2.0,0.0,0.0,1.0,0.0,0.0,0.0,0.0,2.0,2.0,3.0,0.0
2015-11-03,2017-10-02,2017-10-03,2017-10-16,-0.02673469361080505,-0.31636030360723266,5.0,0.0,0.0,0.0,1.0,1.0,1.0,0.0,1.0,2.0,0.0,0.0,0.0,4.0,0.0
2015-11-17,2017-10-16,2017-10-17,2017-10-30,-0.04473304770786807,-0.05232573873139609,4.0,1.0,0.0,3.0,0.0,1.0,0.0,1.0,0.0,2.0,0.0,0.0,0.0,3.0,0.0
2015-12-01,2017-10-30,2017-10-31,2017-11-13,0.06092771514399109,-0.009860128685577202,4.0,3.0,0.0,0.0,1.0,0.0,1.0,4.0,0.0,0.0,0.0,0.0,1.0,0.0,1.0
2015-12-15,2017-11-13,2017-11-14,2017-11-27,0.004141272272890101,0.6467123352387592,4.0,2.0,0.0,1.0,1.0,0.0,0.0,3.0,0.0,1.0,0.0,1.0,0.0,2.0,0.0
2015-12-29,2017-11-27,2017-11-28,2017-12-11,0.1063443230079767,0.8832329955399995,2.0,0.0,0.0,0.0,0.0,0.0,0.0,5.0,4.0,1.0,0.0,0.0,0.0,3.0,0.0
2016-01-12,2017-12-11,2017-12-12,2017-12-25,0.019371339942385934,0.04279748342929427,5.0,0.0,0.0,0.0,0.0,0.0,0.0,0.0,-6.9756847,0.0,0.0,0.0,0.0,16.975685,0.0
2016-01-26,2017-12-25,2017-12-26,2018-01-08,0.047185292394221534,-2.279776166384864,5.0,0.0,34.375205,0.0,0.0,0.0,0.0,0.0,0.0,0.0,0.0,0.0,0.0,-24.375205,0.0
2016-02-09,2018-01-08,2018-01-09,2018-01-22,0.14688404934141108,0.9197310046640166,2.0,0.0,5.0,0.0,0.0,0.0,1.0,3.0,0.0,1.0,0.0,0.0,3.0,0.0,0.0
2016-02-23,2018-01-22,2018-01-23,2018-02-05,0.09330379221981888,0.11208478935838201,5.0,0.0,1.566752,0.0,0.0,0.0,0.0,5.0,5.0,0.0,0.0,0.0,0.0,5.0,-6.566752
2016-03-08,2018-02-05,2018-02-06,2018-02-19,0.08853865877948408,-0.12990863529770408,5.0,0.0,5.0,0.0,0.0,0.0,0.0,5.0,-46.07003,0.0,0.0,0.0,0.0,46.07003,0.0
2016-03-22,2018-02-19,2018-02-20,2018-03-05,0.006629878755068066,0.03955089405350396,0.0,0.0,2.0,2.0,0.0,0.0,0.0,5.0,2.0,0.0,0.0,0.0,0.0,4.0,0.0
2016-04-05,2018-03-05,2018-03-06,2018-03-19,0.014979464448105606,-0.9312819146836704,0.0,0.0,0.0,0.0,0.0,0.0,0.0,5.0,70.48336,0.0,0.0,0.0,0.0,-60.48336,0.0
2016-04-19,2018-03-19,2018-03-20,2018-04-02,0.05275651756812466,0.0566759178691774,0.0,0.0,5.0,-4.9126731,0.0,0.0,0.0,5.0,5.0,0.0,0.0,0.0,0.0,4.9126731,0.0
2016-05-03,2018-04-02,2018-04-03,2018-04-16,0.055330493422253976,-0.018622092867236636,2.0,1.0,0.0,5.0,0.0,0.0,0.0,5.0,0.0,0.0,0.0,0.0,0.0,0.0,2.0
2016-05-17,2018-04-16,2018-04-17,2018-04-30,0.1032137403800899,0.9192915249440329,0.0,0.0,0.0,5.0,0.0,0.0,0.0,5.0,-61.812694,0.0,0.0,0.0,0.0,5.0,61.812694
2016-05-31,2018-04-30,2018-05-01,2018-05-14,0.051329054614759784,0.5748060105633297,0.0,0.0,5.0,5.0,0.0,0.0,0.0,5.0,0.0,0.0,0.0,0.0,0.0,-41.615108,41.615108
2016-06-14,2018-05-14,2018-05-15,2018-05-28,0.039462846812893804,-0.24368379228048448,5.0,0.0,0.0,1.1043071,0.0,0.0,0.0,8.8956929,0.0,0.0,0.0,0.0,0.0,0.0,0.0
2016-06-28,2018-05-28,2018-05-29,2018-06-11,0.0003165555901733508,0.1367749560841834,5.0,0.0,1.0,1.0,0.0,0.0,0.0,5.0,1.0,0.0,1.0,0.0,0.0,1.0,0.0
2016-07-12,2018-06-11,2018-06-12,2018-06-25,0.03131637453800874,0.11155079315226576,0.0,2.0,1.0,0.0,0.0,0.0,0.0,4.0,3.0,2.0,1.0,0.0,1.0,0.0,1.0
2016-07-26,2018-06-25,2018-06-26,2018-07-09,0.0392987139281088,0.09079832524425197,4.0,1.0,0.0,1.0,0.0,0.0,0.0,5.0,2.0,0.0,0.0,0.0,0.0,0.0,2.0
2016-08-09,2018-07-09,2018-07-10,2018-07-23,0.017910683424655446,0.1599532556924563,1.0,0.0,2.0,3.0,0.0,0.0,0.0,5.0,0.0,0.0,0.0,0.0,0.0,2.0,2.0
2016-08-23,2018-07-23,2018-07-24,2018-08-06,0.017955680889478465,0.005148197909365208,0.0,0.0,0.0,3.0,0.0,0.0,1.0,5.0,0.0,1.0,0.0,0.0,0.0,0.0,5.0
2016-09-06,2018-08-06,2018-08-07,2018-08-20,0.058335234942140546,0.023613141678862373,0.0,0.0,0.0,0.0,0.0,0.0,4.0,5.0,0.0,0.0,0.0,0.0,1.0,2.0,3.0
2016-09-20,2018-08-20,2018-08-21,2018-09-03,0.06388463312117786,-0.03181964706377831,0.0,0.0,1.0,4.0,0.0,0.0,0.0,5.0,0.0,1.0,0.0,0.0,0.0,4.0,0.0
2016-10-04,2018-09-03,2018-09-04,2018-09-17,0.06504990637142138,0.02340047259192731,0.0,1.0,5.0,1.0,2.0,0.0,0.0,5.0,0.0,0.0,0.0,0.0,0.0,0.0,1.0
2016-10-18,2018-09-17,2018-09-18,2018-10-01,0.16064495587863337,0.0986373141594735,0.0,2.0,1.0,3.0,0.0,0.0,2.0,5.0,0.0,0.0,0.0,0.0,0.0,0.0,2.0
2016-11-01,2018-10-01,2018-10-02,2018-10-15,0.1262347386920081,-0.07238117924118954,0.0,0.0,0.0,1.0,2.0,0.0,0.0,5.0,0.0,0.0,0.0,0.0,0.0,4.0,3.0
2016-11-15,2018-10-15,2018-10-16,2018-10-29,0.12142281266194549,0.21322284326669283,1.0,3.0,0.0,5.0,0.0,1.0,0.0,5.0,0.0,0.0,0.0,0.0,0.0,0.0,0.0
2016-11-29,2018-10-29,2018-10-30,2018-11-12,0.0893962285342145,0.4475392936372611,0.0,3.0,1.0,0.0,1.0,0.0,0.0,5.0,0.0,0.0,0.0,0.0,1.0,0.0,4.0
2016-12-13,2018-11-12,2018-11-13,2018-11-26,0.21630472216991983,-0.1400708107246244,0.0,0.0,0.0,3.2588072,0.0,0.0,-3.2588072,5.0,0.0,0.0,0.0,0.0,5.0,0.0,5.0
2016-12-27,2018-11-26,2018-11-27,2018-12-10,0.3187207284081276,0.22650545971951297,0.0,1.0,0.0,5.0,0.0,0.0,0.0,4.0,0.0,0.0,0.0,0.0,0.0,0.0,5.0
2017-01-10,2018-12-10,2018-12-11,2018-12-24,0.2386404638804328,0.9803829304935114,0.0,0.0,0.0,0.0,-51.636162,0.0,0.0,56.636162,0.0,0.0,0.0,0.0,5.0,0.0,5.0
2017-01-24,2018-12-24,2018-12-25,2019-01-07,0.34567109369360555,0.449782351297258,0.0,-27.132608,0.0,0.0,27.132608,0.0,0.0,5.0,0.0,0.0,0.0,0.0,5.0,0.0,5.0
2017-02-07,2019-01-07,2019-01-08,2019-01-21,0.2988714956041554,-0.08957669801471929,0.0,5.0,0.0,0.0,11.03126,0.0,0.0,5.0,0.0,0.0,0.0,0.0,5.0,-16.03126,5.0
2017-02-21,2019-01-21,2019-01-22,2019-02-04,0.2988675105554641,0.1375383921421052,0.0,1.0,1.0,0.0,4.0,0.0,3.0,2.0,0.0,0.0,0.0,0.0,0.0,0.0,4.0
2017-03-07,2019-02-04,2019-02-05,2019-02-18,0.29879629306773775,-0.07741690379704758,0.0,3.0,0.0,1.0,4.0,1.0,0.0,0.0,0.0,0.0,0.0,0.0,5.0,0.0,1.0
2017-03-21,2019-02-18,2019-02-19,2019-03-04,0.2745625559835095,0.0038830904189006248,0.0,3.0,0.0,1.0,0.0,0.0,1.0,0.0,0.0,0.0,0.0,0.0,5.0,2.0,3.0
2017-04-04,2019-03-04,2019-03-05,2019-03-18,0.29033475809833825,0.024166420432079012,0.0,1.0,0.0,0.0,2.0,0.0,3.0,0.0,0.0,0.0,0.0,0.0,4.0,1.0,4.0
2017-04-18,2019-03-18,2019-03-19,2019-04-01,0.2904758949008316,-0.008630863379851264,0.0,5.0,1.0,1.0,3.0,0.0,0.0,0.0,0.0,0.0,0.0,0.0,4.0,1.0,0.0
2017-05-02,2019-04-01,2019-04-02,2019-04-15,0.27892350505072566,-0.0780002726565088,0.0,4.0,0.0,0.0,4.0,0.0,0.0,0.0,1.0,0.0,0.0,0.0,1.0,0.0,5.0
2017-05-16,2019-04-15,2019-04-16,2019-04-29,0.26960793995386845,0.0210869946042905,0.0,5.0,0.0,0.0,1.0,1.0,0.0,0.0,0.0,0.0,0.0,0.0,5.0,2.0,1.0
2017-05-30,2019-04-29,2019-04-30,2019-05-14,0.24547920073437013,0.0631259504075507,0.0,4.0,0.0,2.0,3.0,2.0,0.0,0.0,0.0,0.0,0.0,0.0,3.0,0.0,1.0
