,period_sma5,period_sma25,period_he,return,pnl,drawdown (%),drawdown (abs)
0,6,6,6,1867.2062499999993,373441.25,51.81385740302819,47654.50000000021
1,6,6,8,2039.694999999999,407939.0,34.68564128514192,20906.25000000006
2,6,6,10,1848.323749999999,369664.75,51.12639169400446,32845.00000000013
3,6,6,12,269.558749999999,53911.75,54.38003737670377,75364.7499999997
4,6,6,14,3.219999999999348,644.0,77.93194170109558,48431.00000000003
5,6,6,16,114.53874999999927,22907.75,73.52657370442569,77722.00000000006
6,6,6,18,146.3474999999993,29269.5,61.694202359956876,71799.24999999974
7,6,6,20,1840.6874999999995,368137.5,40.373893604648075,37836.99999999996
8,6,6,22,1930.3012499999995,386060.25,35.878674171357105,8605.500000000004
9,6,6,24,1708.5399999999993,341708.0,68.9375315217419,70735.24999999994
10,6,6,26,166.62374999999932,33324.75,62.148221131156966,37531.000000000044
11,6,6,28,196.9237499999994,39384.75,56.46271415838646,17104.250000000007
12,6,6,30,1990.6112499999995,398122.25,47.19678637111606,36569.24999999995
13,6,6,32,1621.0787499999994,324215.75,72.12765570926418,39703.749999999956
14,6,6,34,1932.904999999999,386581.0,45.224346018363505,15663.000000000011
15,6,6,36,1986.3812499999995,397276.25,41.17347453223128,39813.0
16,6,6,38,1899.3574999999992,379871.5,47.17831618279419,31817.999999999905
17,6,8,6,4106.355624999997,821271.12,40.9442181911946,94479.4999999998
18,6,8,8,1982.6683333333322,396533.67,78.25377626508401,27820.0
19,6,8,10,1932.8531249999987,386570.62,87.68852668065527,26001.593750000007
20,6,8,12,330.5574999999985,66111.5,66.49282314442961,17881.25
21,6,8,14,191.33624999999859,38267.25,73.86681367524316,107192.74999999997
22,6,8,16,-91.6712500000009,-18334.25,99.88542239783487,68216.07500000049
23,6,8,18,150.21749999999875,30043.5,64.42713055456166,59868.750000000044
24,6,8,20,193.9381249999991,38787.62,89.18193269701227,82479.68749999988
25,6,8,22,1829.2974999999992,365859.5,82.58015223637285,86872.87500000013
26,6,8,24,-96.05250000000028,-19210.5,98.37429970437923,86063.1250000001
27,6,8,26,127.20937499999916,25441.87,77.55178034721624,51025.00000000001
28,6,8,28,-87.37375000000081,-17474.75,94.5582531469734,60583.00000000016
29,6,8,30,13.546249999999063,2709.25,97.64291691673095,57757.250000000095
30,6,8,32,-88.4712500000002,-17694.25,98.25493851503974,27406.250000000004
31,6,8,34,-111.51500000000034,-22303.0,99.63132209835977,25672.74999999998
32,6,8,36,-90.96250000000043,-18192.5,98.94562141720861,28035.475000000064
33,6,8,38,-97.77125000000055,-19554.25,85.18521173198793,29711.750000000036
34,6,10,6,1933.8239583333316,386764.79,95.65365289069574,79416.44531249996
35,6,10,8,-85.24625000000057,-17049.25,97.53449243803293,57331.74999999997
36,6,10,10,1759.7037499999988,351940.75,96.94387771861126,33202.18749999999
37,6,10,12,518.1437499999988,103628.75,89.48014912119437,57184.75000000017
38,6,10,14,142.85749999999905,28571.5,86.77991924121318,107939.24999999975
39,6,10,16,34.85124999999916,6970.25,97.27663588701648,67027.24999999988
40,6,10,18,120.13124999999896,24026.25,81.83523679170872,73392.50000000022
41,6,10,20,-83.8862500000007,-16777.25,99.63726076034565,85871.87500000007
42,6,10,22,205.92999999999918,41186.0,99.36397262238991,96977.25000000001
43,6,10,24,-86.85125000000062,-17370.25,92.16733179146534,71681.8749999999
44,6,10,26,240.7037499999991,48140.75,74.59845117945225,62734.4999999998
45,6,10,28,202.39624999999916,40479.25,72.9827727144762,53792.49999999994
46,6,10,30,143.97749999999905,28795.5,89.451288460394,37576.249999999956
47,6,10,32,102.4687499999992,20493.75,85.22653941514122,25093.25000000002
48,6,10,34,329.0699999999989,65814.0,96.77483314626022,35996.12500000005
49,6,10,36,203.22999999999882,40646.0,98.23240183453416,44577.250000000175
50,6,10,38,-110.5125000000005,-22102.5,99.47341143650573,38866.49999999992
51,6,12,6,2030.813124999998,406162.62,95.50913773463425,38568.500000000065
52,6,12,8,1976.793749999999,395358.75,96.61616134585722,67695.92500000013
53,6,12,10,2032.8249999999982,406565.0,92.31985154824639,30534.531250000007
54,6,12,12,613.321249999999,122664.25,87.62518906103112,53589.37499999986
55,6,12,14,222.65874999999875,44531.75,81.54390602681909,71718.375
56,6,12,16,-103.25375000000072,-20650.75,97.0482270183635,70843.74999999994
57,6,12,18,96.30249999999894,19260.5,90.24318613408478,90647.25000000013
58,6,12,20,142.57999999999927,28516.0,84.4775111621273,62556.12499999991
59,6,12,22,102.38374999999924,20476.75,98.08350339481225,95524.75
60,6,12,24,-86.11375000000083,-17222.75,93.62447905410681,91516.87499999984
61,6,12,26,259.55374999999907,51910.75,54.533109547999956,60839.99999999997
62,6,12,28,258.3393749999993,51667.87,83.39796663283663,58548.500000000044
63,6,12,30,107.07124999999937,21414.25,92.67180601465526,40090.75000000001
64,6,12,32,-104.55500000000019,-20911.0,94.47316270145025,22525.00000000003
65,6,12,34,-105.90250000000047,-21180.5,91.93210465353974,40478.62500000005
66,6,12,36,-102.87500000000054,-20575.0,91.8564043160222,53525.87500000013
67,6,12,38,93.00124999999957,18600.25,99.51110786097146,40823.312500000044
68,6,14,6,1678.6924999999983,335738.5,99.41970508286745,161020.90000000055
69,6,14,8,1717.3024999999989,343460.5,97.42070008442593,65629.2812499999
70,6,14,10,2273.0362499999987,454607.25,83.66108118231605,56955.00000000021
71,6,14,12,975.3549999999987,195071.0,63.69151924482449,18082.500000000004
72,6,14,14,166.3924999999989,33278.5,75.29756702729318,112436.96250000014
73,6,14,16,-85.90375000000083,-17180.75,97.45236267187838,69809.99999999993
74,6,14,18,290.04249999999905,58008.5,54.21173469387749,50471.1249999998
75,6,14,20,298.58749999999924,59717.5,97.41943994271286,64620.74999999996
76,6,14,22,242.93999999999917,48588.0,80.6299278582503,81784.74999999994
77,6,14,24,-3.0212500000009457,-604.25,91.89907165450802,78117.31250000013
78,6,14,26,390.6337499999991,78126.75,65.4544639490332,62055.249999999985
79,6,14,28,449.1843749999993,89836.87,79.64362651110804,53792.50000000013
80,6,14,30,299.6437499999994,59928.75,84.13169640137596,51789.99999999997
81,6,14,32,-92.05875000000037,-18411.75,91.18407932445916,32692.00000000008
82,6,14,34,38.281249999998984,7656.25,93.17916873023755,30573.250000000047
83,6,14,36,278.83624999999904,55767.25,96.64155559013207,55900.37499999985
84,6,14,38,-89.70125000000031,-17940.25,98.01240899699759,38722.37500000008
85,6,16,6,213.15666666666485,42631.33,89.70414009525228,45004.06249999996
86,6,16,8,-88.4400000000003,-17688.0,93.51157189524415,33778.24999999995
87,6,16,10,2249.5287499999995,449905.75,96.99185262744584,37053.31250000002
88,6,16,12,1093.687499999999,218737.5,64.95953787765389,18442.500000000015
89,6,16,14,342.51499999999913,68503.0,79.84042180716298,62709.06250000015
90,6,16,16,-92.44500000000038,-18489.0,95.50689553990624,39058.499999999876
91,6,16,18,224.91124999999897,44982.25,69.45511146317064,90749.87499999977
92,6,16,20,192.54249999999905,38508.5,99.92313023020174,64345.125000000306
93,6,16,22,275.9312499999989,55186.25,75.96404729206209,58701.312500000095
94,6,16,24,128.4112499999993,25682.25,91.73382083470739,107445.87500000038
95,6,16,26,525.1449999999991,105029.0,57.38222208831709,71421.49999999968
96,6,16,28,445.2999999999992,89060.0,77.21951830232089,49342.49999999999
97,6,16,30,245.50874999999945,49101.75,99.92271254051363,30059.25000000002
98,6,16,32,-93.69625000000038,-18739.25,99.65656669430776,33950.75000000004
99,6,16,34,-97.90875000000031,-19581.75,80.60563162202234,27330.749999999996
100,6,16,36,143.5912499999991,28718.25,97.31151007575089,52460.999999999956
101,6,16,38,-105.98125000000044,-21196.25,96.63302636558608,47875.62499999994
102,6,18,6,826.8162499999979,165363.25,60.58946917599892,31123.7500000001
103,6,18,8,2384.654999999999,476931.0,90.32855862561348,44599.50000000006
104,6,18,10,2292.224999999999,458445.0,94.15664629946734,37253.31250000001
105,6,18,12,528.8699999999989,105774.0,82.79563247534271,58615.375
106,6,18,14,622.7112499999992,124542.25,76.64752715100931,51493.43749999996
107,6,18,16,-91.79375000000033,-18358.75,81.6085104009134,29989.475000000064
108,6,18,18,437.87749999999886,87575.5,63.102246333369436,48155.37500000007
109,6,18,20,609.6199999999988,121924.0,60.14028282175228,89299.74999999984
110,6,18,22,536.2749999999988,107255.0,61.897297520927154,33663.0
111,6,18,24,439.3887499999993,87877.75,77.70784124444013,116420.62499999978
112,6,18,26,616.8349999999989,123367.0,53.6676240006209,84696.49999999977
113,6,18,28,2179.761249999999,435952.25,77.61351028665986,50542.50000000001
114,6,18,30,225.2362499999993,45047.25,99.00275850539167,29609.250000000004
115,6,18,32,222.57624999999922,44515.25,97.10026637778167,32715.750000000033
116,6,18,34,188.25624999999906,37651.25,98.36826260766718,55303.37499999998
117,6,18,36,322.03624999999903,64407.25,94.34967299601739,57831.75000000004
118,6,18,38,170.25624999999934,34051.25,89.02318707765232,53913.99999999997
119,6,20,6,2545.028749999998,509005.75,81.82720267833255,23707.999999999993
120,6,20,8,-86.56062500000041,-17312.13,95.26697998357952,33649.25000000015
121,6,20,10,1805.0999999999992,361020.0,83.91693600955375,51832.83750000004
122,6,20,12,590.611249999999,118122.25,79.62994459586461,46818.625000000065
123,6,20,14,352.58999999999907,70518.0,99.03684082661162,65734.09374999999
124,6,20,16,630.7237499999991,126144.75,89.90718078049495,45319.624999999985
125,6,20,18,269.2299999999989,53846.0,67.89899955588555,50070.250000000044
126,6,20,20,658.2762499999991,131655.25,59.77198247125675,143336.87500000003
127,6,20,22,603.3612499999989,120672.25,85.08658183503329,50033.24999999994
128,6,20,24,541.3512499999993,108270.25,46.72314507675915,67698.62500000007
129,6,20,26,585.671249999999,117134.25,41.80789718564766,19970.650000000038
130,6,20,28,512.8487499999992,102569.75,89.05549052966855,51167.50000000011
131,6,20,30,191.74374999999918,38348.75,92.7868360098476,50974.999999999935
132,6,20,32,-91.55125000000037,-18310.25,96.45721046404645,40356.25000000013
133,6,20,34,177.63374999999905,35526.75,84.31846631342502,36879.00000000001
134,6,20,36,250.30499999999915,50061.0,92.03546561497117,51369.25000000014
135,6,20,38,119.24249999999947,23848.5,94.22790363809096,49718.99999999993
136,6,22,6,2142.838749999998,428567.75,87.81130746151872,27606.974999999988
137,6,22,8,2222.7512499999993,444550.25,88.3470267303722,27366.375000000055
138,6,22,10,1921.887499999999,384377.5,90.13867488443776,48628.12500000013
139,6,22,12,1027.5462499999992,205509.25,69.57356404218298,50964.37500000009
140,6,22,14,834.0849999999992,166817.0,84.3406284254355,50590.249999999825
141,6,22,16,476.28249999999895,95256.5,90.29548954514797,45661.18749999993
142,6,22,18,419.40124999999904,83880.25,56.20349911757763,50555.749999999956
143,6,22,20,476.2149999999993,95243.0,73.93892166809057,110778.25000000017
144,6,22,22,689.8924999999991,137978.5,87.213384909505,53716.249999999876
145,6,22,24,536.3587499999992,107271.75,58.185208490887455,88190.37500000029
146,6,22,26,671.9812499999995,134396.25,38.617835044536605,56795.24999999997
147,6,22,28,584.5787499999993,116915.75,72.77880108953073,51167.500000000124
148,6,22,30,230.3362499999994,46067.25,69.77817755978347,51392.499999999985
149,6,22,32,-89.67750000000036,-17935.5,97.43122554437126,40773.74999999993
150,6,22,34,97.16749999999918,19433.5,93.49463996763771,36979.00000000001
151,6,22,36,243.15749999999917,48631.5,81.89512342466834,51344.25
152,6,22,38,175.20374999999942,35040.75,89.81334379392642,51515.25000000016
153,6,24,6,2245.946249999998,449189.25,68.9945150764187,54498.24999999984
154,6,24,8,1967.8349999999991,393567.0,90.50448702401175,57838.25000000022
155,6,24,10,2011.864999999999,402373.0,98.5787407444219,61990.62500000003
156,6,24,12,1044.1787499999991,208835.75,64.39442766942766,52627.65000000004
157,6,24,14,755.307499999999,151061.5,58.23358848453998,33740.25000000003
158,6,24,16,157.24999999999926,31450.0,85.63339637418727,29986.225000000075
159,6,24,18,93.36374999999902,18672.75,81.13374416950454,64445.750000000044
160,6,24,20,569.4924999999993,113898.5,70.873432888904,62771.6250000001
161,6,24,22,481.29999999999933,96260.0,85.09504950495054,53716.25000000005
162,6,24,24,394.41749999999945,78883.5,63.8484961342676,96219.12500000042
163,6,24,26,645.3887499999993,129077.75,41.25996536131383,61225.249999999854
164,6,24,28,547.2037499999993,109440.75,82.9402515723271,51167.49999999991
165,6,24,30,192.29249999999936,38458.5,65.67647697792998,51392.49999999987
166,6,24,32,93.01249999999933,18602.5,99.17554228912915,50913.52499999997
167,6,24,34,-97.53375000000028,-19506.75,92.3614228179668,37552.99999999989
168,6,24,36,260.42874999999924,52085.75,87.10694720875482,50822.87499999998
169,6,24,38,203.17499999999936,40635.0,68.07429807949966,37789.99999999997
170,6,26,6,2573.2524999999987,514650.5,59.74519538154893,39714.12500000017
171,6,26,8,1879.1162499999996,375823.25,86.84341210928272,51806.85000000008
172,6,26,10,2223.502499999999,444700.5,64.59381292629274,217449.49999999904
173,6,26,12,974.2712499999992,194854.25,46.82195139009036,159003.25000000012
174,6,26,14,184.76874999999927,36953.75,83.97307870237728,150205.37499999977
175,6,26,16,725.6012499999991,145120.25,83.368237480442,32782.037499999984
176,6,26,18,310.0274999999989,62005.5,71.4623640110996,51055.750000000015
177,6,26,20,501.1587499999993,100231.75,72.50309329192312,61746.625000000015
178,6,26,22,599.546249999999,119909.25,78.15042974797322,51679.99999999972
179,6,26,24,425.98249999999933,85196.5,67.12767104900468,56012.00000000008
180,6,26,26,723.9049999999993,144781.0,39.272822323677985,61225.250000000175
181,6,26,28,591.1499999999993,118230.0,83.24582774750255,50142.5000000001
182,6,26,30,211.76999999999944,42354.0,66.23206701119048,50367.49999999997
183,6,26,32,29.053749999999273,5810.75,99.69229314352026,68522.75000000022
184,6,26,34,79.2349999999993,15847.0,94.94951723651013,40343.81249999988
185,6,26,36,261.99624999999924,52399.25,86.72642066845705,50822.875
186,6,26,38,245.11749999999935,49023.5,58.25723658818991,37736.1249999999
187,6,28,6,90.29687499999862,18059.37,94.95701654271812,134993.03125000114
188,6,28,8,612.2249999999995,122445.0,83.2374023121501,21222.000000000007
189,6,28,10,484.39249999999953,96878.5,67.3492396271151,176001.99999999933
190,6,28,12,959.0462499999994,191809.25,58.69418618285389,256542.7500000001
191,6,28,14,252.82124999999934,50564.25,92.62156957149743,57712.499999999935
192,6,28,16,724.8737499999994,144974.75,75.30085593833843,26524.350000000013
193,6,28,18,334.566249999999,66913.25,67.79699309586282,114032.00000000013
194,6,28,20,550.3712499999992,110074.25,60.02201837490693,146658.6250000004
195,6,28,22,350.0037499999992,70000.75,76.90103823223124,42275.00000000009
196,6,28,24,387.87124999999946,77574.25,55.93999784509417,87612.87499999985
197,6,28,26,597.8749999999993,119575.0,49.90436048653136,24387.46250000007
198,6,28,28,291.74374999999924,58348.75,61.818640962405404,21572.81250000003
199,6,28,30,88.8387499999994,17767.75,85.53185818660093,73811.00000000003
200,6,28,32,-93.80750000000036,-18761.5,92.65496393859343,53218.00000000003
201,6,28,34,155.6562499999992,31131.25,91.12996659035637,93326.6999999999
202,6,28,36,-101.22125000000032,-20244.25,95.53515034655278,57288.250000000044
203,6,28,38,211.06124999999923,42212.25,63.601022193088006,45358.49999999975
204,9,6,6,-86.64750000000106,-17329.5,99.30853551048816,59997.5000000002
205,9,6,8,-79.94625000000076,-15989.25,98.12907208010449,53655.750000000124
206,9,6,10,1888.0506249999985,377610.12,81.19355013503774,71174.87499999988
207,9,6,12,-99.95375000000006,-19990.75,94.02378151164518,20578.74999999999
208,9,6,14,70.1487499999988,14029.75,89.9567516836407,88660.25000000012
209,9,6,16,-93.35500000000022,-18671.0,99.24971029980038,27514.62500000003
210,9,6,18,123.88749999999882,24777.5,88.79300417446392,77105.62500000012
211,9,6,20,-52.210000000000804,-10442.0,90.87296460848033,80893.75000000023
212,9,6,22,228.75999999999897,45752.0,76.76596938741433,86175.75000000003
213,9,6,24,75.81124999999913,15162.25,93.67269590860944,32717.06250000002
214,9,6,26,-95.76250000000016,-19152.5,85.66257311466295,24640.625000000025
215,9,6,28,-98.57500000000017,-19715.0,84.08849760546022,29322.49999999997
216,9,6,30,102.95749999999933,20591.5,97.68919499704997,67053.37500000003
217,9,6,32,109.58749999999928,21917.5,89.22736216386757,26868.81250000002
218,9,6,34,181.6349999999989,36327.0,97.50194742256417,40992.50000000002
219,9,6,36,148.794999999999,29759.0,72.13627940928761,32116.875000000087
220,9,6,38,149.52124999999913,29904.25,92.86642839813297,32057.374999999975
221,9,8,6,1686.6434374999963,337328.69,99.92338940024513,145837.3125000001
222,9,8,8,550.1974999999983,110039.5,88.73898866754337,29188.25000000006
223,9,8,10,1943.804166666665,388760.83,78.66668726861043,47730.13671875003
224,9,8,12,346.32499999999885,69265.0,90.13162296758657,23573.250000000007
225,9,8,14,-98.08000000000098,-19616.0,95.36743798978274,72196.25000000009
226,9,8,16,-100.98125000000091,-20196.25,89.12827733359825,35923.37500000001
227,9,8,18,96.80499999999887,19361.0,94.91556340411142,89759.75000000009
228,9,8,20,-84.81125000000084,-16962.25,89.02587574462592,54996.624999999935
229,9,8,22,154.10499999999894,30821.0,98.82099571400201,69631.2499999998
230,9,8,24,-97.87500000000014,-19575.0,96.11932546985675,34470.3125
231,9,8,26,-103.83125000000062,-20766.25,87.07037573120706,25415.625000000015
232,9,8,28,-88.96375000000066,-17792.75,98.48382657199905,54026.75000000002
233,9,8,30,-99.47000000000051,-19894.0,99.58576331781155,61003.5000000002
234,9,8,32,-96.98250000000016,-19396.5,91.28525394245307,24008.249999999993
235,9,8,34,210.48624999999873,42097.25,69.39918182053569,20102.6875
236,9,8,36,-102.74000000000052,-20548.0,87.03130641854699,36456.00000000007
237,9,8,38,101.81874999999883,20363.75,93.4398727454058,69051.22499999999
238,9,10,6,2858.1690624999974,571633.81,95.1463879636402,81159.75000000019
239,9,10,8,782.1931249999983,156438.62,71.88647683973757,62636.125000000044
240,9,10,10,1710.6756249999983,342135.12,90.15671989342617,31215.749999999978
241,9,10,12,428.11624999999884,85623.25,67.2521737437076,17267.50000000001
242,9,10,14,628.0937499999985,125618.75,36.03529618080956,63186.0
243,9,10,16,199.04749999999873,39809.5,86.89248501845593,69092.12500000028
244,9,10,18,46.036249999998724,9207.25,89.24938614166653,72370.89285714287
245,9,10,20,159.0262499999992,31805.25,92.00868077020704,70696.25000000017
246,9,10,22,335.4824999999994,67096.5,57.64082889639375,49880.49999999997
247,9,10,24,114.78499999999903,22957.0,84.52844165756275,28241.375000000022
248,9,10,26,175.77499999999918,35155.0,79.77129503458421,61614.74999999984
249,9,10,28,214.71499999999915,42943.0,63.93192514875995,49342.50000000013
250,9,10,30,114.24499999999895,22849.0,75.1261156383392,31944.00000000003
251,9,10,32,-100.00250000000075,-20000.5,51.29974395695008,14776.250000000011
252,9,10,34,-108.34500000000062,-21669.0,73.21181341131528,27101.000000000102
253,9,10,36,353.03499999999894,70607.0,91.41603739661996,28600.650000000012
254,9,10,38,-92.61000000000011,-18522.0,82.06109255032548,27908.875
255,9,12,6,2184.5762499999983,436915.25,50.310654218951356,38760.4600000001
256,9,12,8,2207.181874999999,441436.37,57.1222947285531,22124.750000000015
257,9,12,10,1891.4837499999994,378296.75,71.98086780071944,42678.46874999997
258,9,12,12,571.9549999999987,114391.0,90.72442021690823,23882.750000000004
259,9,12,14,281.4024999999992,56280.5,73.03825157083494,52639.80000000014
260,9,12,16,144.95874999999927,28991.75,88.02097240553277,57687.62500000027
261,9,12,18,173.2849999999987,34657.0,78.14195408736217,68019.25000000015
262,9,12,20,178.0424999999992,35608.5,83.07824153097584,87974.25000000038
263,9,12,22,157.70624999999916,31541.25,89.5527356905616,57834.50000000004
264,9,12,24,-1.5312500000008005,-306.25,97.625793613849,87820.62499999988
265,9,12,26,585.8924999999994,117178.5,66.05416914960107,22723.624999999996
266,9,12,28,490.496249999999,98099.25,88.96213047955163,50542.49999999996
267,9,12,30,425.7062499999993,85141.25,83.9748674651483,26730.249999999964
268,9,12,32,139.70749999999924,27941.5,98.76749860510834,29650.25000000001
269,9,12,34,219.82124999999903,43964.25,94.18171530953865,29962.5
270,9,12,36,582.313749999999,116462.75,95.16356930740513,49670.62499999996
271,9,12,38,188.73874999999936,37747.75,85.47733034510713,38521.00000000006
272,9,14,6,905.1556249999982,181031.12,80.41008925028764,40024.72500000005
273,9,14,8,1983.1781249999988,396635.62,96.17155158138766,29038.999999999993
274,9,14,10,2230.704999999999,446141.0,88.8462953512387,37430.49999999993
275,9,14,12,574.7912499999987,114958.25,90.87883123389334,50339.37499999999
276,9,14,14,448.55499999999904,89711.0,80.1624226591831,50509.10000000008
277,9,14,16,-88.12500000000011,-17625.0,97.50256233955261,37933.24999999999
278,9,14,18,-110.47125000000084,-22094.25,86.81722989597532,56897.62500000011
279,9,14,20,355.789999999999,71158.0,71.27791854250539,100674.62499999985
280,9,14,22,156.02124999999904,31204.25,77.70497418707649,39698.500000000044
281,9,14,24,224.91749999999922,44983.5,88.19302908109073,77943.12500000003
282,9,14,26,629.2574999999993,125851.5,66.80176730068226,23548.625000000007
283,9,14,28,2005.6187499999992,401123.75,82.49715379310636,50542.49999999997
284,9,14,30,375.18624999999923,75037.25,79.84839998506408,26730.250000000004
285,9,14,32,240.8649999999993,48173.0,93.52639597625429,41513.09374999992
286,9,14,34,195.89749999999907,39179.5,82.3836743865959,29328.999999999894
287,9,14,36,447.23374999999913,89446.75,80.45252559310987,44141.93749999994
288,9,14,38,369.42999999999915,73886.0,61.96315938878262,44747.62500000003
289,9,16,6,2696.1306249999984,539226.12,33.86317900930513,18304.225
290,9,16,8,-88.67062500000029,-17734.13,99.59057295245586,60871.74999999975
291,9,16,10,2273.863749999999,454772.75,70.36452807526781,21969.125000000022
292,9,16,12,607.8237499999989,121564.75,81.88067590744247,50964.37500000016
293,9,16,14,482.6762499999994,96535.25,68.81154445066984,45902.3749999999
294,9,16,16,467.85999999999905,93572.0,83.01160511884908,39869.12499999996
295,9,16,18,308.28249999999866,61656.5,61.1590669995448,38950.37500000015
296,9,16,20,734.7649999999988,146953.0,58.646269307574315,45557.37500000012
297,9,16,22,481.2924999999991,96258.5,54.48680285169293,65842.12500000006
298,9,16,24,509.0837499999992,101816.75,65.01247330171859,72025.1250000002
299,9,16,26,592.5587499999992,118511.75,66.49686027159701,23773.625000000015
300,9,16,28,2143.761249999999,428752.25,70.8998008140643,51167.49999999981
301,9,16,30,267.2924999999994,53458.5,90.98774399807539,49165.000000000095
302,9,16,32,-92.75000000000034,-18550.0,98.25218113229556,33728.50000000004
303,9,16,34,49.393749999999095,9878.75,97.907299213212,39276.12500000002
304,9,16,36,119.5249999999992,23905.0,97.38151929855862,62779.18749999985
305,9,16,38,181.68374999999926,36336.75,79.59741780930705,60140.62499999988
306,9,18,6,3954.0281249999985,790805.62,65.11418362591279,52392.500000000044
307,9,18,8,-96.39437500000048,-19278.88,99.06066802337176,50989.250000000065
308,9,18,10,2530.579999999999,506116.0,69.99844507315743,23071.31250000003
309,9,18,12,948.2212499999989,189644.25,67.81528706916347,50964.375
310,9,18,14,-89.08750000000045,-17817.5,98.70912688059852,45402.25
311,9,18,16,501.3399999999992,100268.0,91.22490264502103,22547.375000000025
312,9,18,18,175.2587499999989,35051.75,94.63077440484298,73861.09374999999
313,9,18,20,687.7199999999991,137544.0,59.44723402759682,154337.87500000006
314,9,18,22,746.8149999999991,149363.0,44.21491792624136,30528.687499999913
315,9,18,24,597.2987499999994,119459.75,59.103355840113004,20504.875
316,9,18,26,2009.863749999999,401972.75,77.63990343189415,25004.125000000062
317,9,18,28,2098.309999999999,419662.0,79.51559200136997,52240.75000000011
318,9,18,30,170.2224999999994,34044.5,97.86839373561413,54211.74999999986
319,9,18,32,-103.72375000000034,-20744.75,97.11499987751212,29732.000000000022
320,9,18,34,80.70499999999907,16141.0,69.86399598441587,29228.99999999992
321,9,18,36,160.37749999999923,32075.5,97.32605834533987,50747.87499999985
322,9,18,38,187.23124999999933,37446.25,96.18221215012733,60479.375
323,9,20,6,2386.3012499999986,477260.25,47.03214075774258,35644.22499999998
324,9,20,8,-78.10562500000043,-15621.13,94.7647181220328,37573.500000000204
325,9,20,10,2224.923749999999,444984.75,63.129925459494096,24412.500000000015
326,9,20,12,885.5837499999989,177116.75,63.58294032455728,42805.6249999999
327,9,20,14,-88.81250000000053,-17762.5,96.48961554657066,53276.5
328,9,20,16,463.09749999999894,92619.5,75.60521003014362,26467.47499999998
329,9,20,18,21.23874999999934,4247.75,81.52574070801676,55362.49999999979
330,9,20,20,776.5949999999993,155319.0,56.88675357931019,146510.6249999997
331,9,20,22,541.4362499999992,108287.25,56.89502840463266,90636.62499999988
332,9,20,24,312.15124999999944,62430.25,60.84622917253966,20504.87499999999
333,9,20,26,428.66999999999916,85734.0,86.8229851565235,22943.624999999996
334,9,20,28,434.97999999999956,86996.0,89.72016242937865,50817.50000000002
335,9,20,30,160.30249999999927,32060.5,79.21602244389034,50825.00000000004
336,9,20,32,67.85374999999932,13570.75,95.41048316696426,31422.250000000044
337,9,20,34,61.22374999999912,12244.75,75.94047019403452,34675.9374999999
338,9,20,36,311.159999999999,62232.0,88.0758525383613,50747.87500000002
339,9,20,38,202.19374999999928,40438.75,77.65185636268484,49890.24999999994
340,9,22,6,2021.6306249999989,404326.12,58.328385952988334,106844.6250000003
341,9,22,8,2304.7924999999987,460958.5,85.99500584233427,36246.25000000003
342,9,22,10,2215.8474999999994,443169.5,64.65146182302102,219596.1250000007
343,9,22,12,1016.9624999999991,203392.5,52.455293526305745,50614.37500000002
344,9,22,14,78.42374999999915,15684.75,95.07536263163138,78522.5875000001
345,9,22,16,-94.00500000000018,-18801.0,98.15977011494266,26687.187500000025
346,9,22,18,123.14499999999937,24629.0,90.9800913431982,122461.25000000035
347,9,22,20,-87.85375000000066,-17570.75,98.90592537902853,144009.49999999968
348,9,22,22,467.9624999999992,93592.5,55.48833036825742,82575.37500000003
349,9,22,24,450.9774999999992,90195.5,51.87640978504787,77533.25000000015
350,9,22,26,681.2412499999995,136248.25,47.13926199189586,24022.87500000001
351,9,22,28,590.5799999999995,118116.0,76.40408049735763,50817.50000000009
352,9,22,30,166.28874999999928,33257.75,78.35020046800715,52567.49999999994
353,9,22,32,-90.39875000000033,-18079.75,97.0323614145855,38690.56249999994
354,9,22,34,246.63874999999922,49327.75,99.30177462873196,56585.87499999983
355,9,22,36,302.389999999999,60478.0,89.01021511162705,47554.3749999999
356,9,22,38,140.05499999999927,28011.0,87.13519913321575,49861.375
357,9,24,6,334.1479166666652,66829.58,71.89894229597785,117293.32812499985
358,9,24,8,2204.016249999999,440803.25,96.90461561883241,44556.499999999956
359,9,24,10,2311.8774999999996,462375.5,63.946634165013016,238066.12500000081
360,9,24,12,801.6287499999988,160325.75,46.4492953477386,127576.12499999988
361,9,24,14,-93.17500000000051,-18635.0,94.38965559355178,46371.75000000017
362,9,24,16,131.26624999999922,26253.25,99.0738107581208,34925.47499999997
363,9,24,18,366.6162499999993,73323.25,55.7488906041849,93530.74999999949
364,9,24,20,390.8212499999995,78164.25,59.03880057740515,50817.50000000001
365,9,24,22,387.0612499999993,77412.25,67.0157279475601,37341.74999999993
366,9,24,24,693.7349999999994,138747.0,68.28030863545088,51679.999999999854
367,9,24,26,691.2912499999994,138258.25,40.44180718160665,26520.625000000102
368,9,24,28,447.6787499999994,89535.75,81.58473542255334,50817.499999999905
369,9,24,30,195.0174999999995,39003.5,79.89792134160527,63555.9999999999
370,9,24,32,-115.29000000000042,-23058.0,97.09393243271742,57587.62500000005
371,9,24,34,356.36374999999936,71272.75,62.69722943606446,58243.375000000095
372,9,24,36,282.6562499999989,56531.25,78.55675697493477,43790.87500000005
373,9,24,38,189.0762499999992,37815.25,68.79090529561014,53551.999999999985
374,9,26,6,1910.8458333333322,382169.17,80.5244396223233,34603.968750000044
375,9,26,8,1769.5645833333326,353912.92,98.24176776429822,28342.750000000022
376,9,26,10,2151.6987499999996,430339.75,68.30029988951082,234669.5000000013
377,9,26,12,901.4212499999991,180284.25,38.83081026983843,102916.4999999998
378,9,26,14,-111.75375000000058,-22350.75,98.9500176391219,68017.50000000032
379,9,26,16,95.07374999999907,19014.75,88.02219681291474,48758.212500000096
380,9,26,18,210.47874999999942,42095.75,67.1984014705467,107111.89999999967
381,9,26,20,123.95499999999946,24791.0,78.96360797890421,122024.43750000033
382,9,26,22,232.66749999999936,46533.5,79.41271467593005,46407.49999999993
383,9,26,24,199.96124999999938,39992.25,68.87865601322135,51679.999999999956
384,9,26,26,309.4899999999994,61898.0,56.36286925125567,89838.75000000006
385,9,26,28,324.93874999999946,64987.75,82.7404018365952,50817.499999999745
386,9,26,30,252.79999999999941,50560.0,79.84052464345007,62880.999999999854
387,9,26,32,-91.61375000000032,-18322.75,96.62733030592753,40428.87500000008
388,9,26,34,237.45499999999936,47491.0,59.21622019428906,20115.749999999996
389,9,26,36,288.52374999999915,57704.75,75.50208967229757,43176.62500000006
390,9,26,38,239.57249999999925,47914.5,61.656756654615165,48943.750000000015
391,9,28,6,2351.510624999998,470302.12,52.55628491775247,23659.000000000062
392,9,28,8,1923.9931249999988,384798.62,83.76010175433163,67499.12500000001
393,9,28,10,2114.283749999999,422856.75,37.892433085127784,15062.999999999989
394,9,28,12,269.2812499999991,53856.25,55.702184891579684,37170.625000000015
395,9,28,14,485.0312499999992,97006.25,54.15330916795475,34249.12500000014
396,9,28,16,410.84999999999934,82170.0,94.52552311706984,33678.475
397,9,28,18,319.5562499999993,63911.25,54.003796138333115,59749.12499999991
398,9,28,20,173.02999999999946,34606.0,75.62070387072752,127944.93750000009
399,9,28,22,270.63874999999933,54127.75,79.27068273850094,42014.74999999989
400,9,28,24,290.8137499999994,58162.75,58.31778541650705,88496.4374999998
401,9,28,26,312.6737499999994,62534.75,56.26825868422617,90621.99999999987
402,9,28,28,135.75749999999942,27151.5,99.12031164694253,60366.49999999996
403,9,28,30,-90.11125000000025,-18022.25,97.98792920884938,82476.56249999996
404,9,28,32,-97.05000000000037,-19410.0,95.3264880309993,46372.999999999854
405,9,28,34,215.3637499999992,43072.75,75.93782171473032,94305.7000000002
406,9,28,36,132.9112499999991,26582.25,99.66659986518252,68382.50000000012
407,9,28,38,133.3099999999993,26662.0,66.21470657704069,51862.99999999997
408,12,6,6,336.72812499999776,67345.62,75.00689837299991,110770.00000000016
409,12,6,8,430.52999999999867,86106.0,89.66594424332676,56008.37500000006
410,12,6,10,1796.2874999999985,359257.5,94.1715521935427,48209.125000000065
411,12,6,12,341.2837499999986,68256.75,90.46258045921807,18832.500000000025
412,12,6,14,122.20749999999903,24441.5,98.00880692220242,50857.75000000003
413,12,6,16,-50.433750000000856,-10086.75,96.64306240519582,63393.50000000017
414,12,6,18,-94.76500000000051,-18953.0,97.42845221042138,56622.24999999991
415,12,6,20,-85.63875000000041,-17127.75,92.38219332887361,66114.12499999999
416,12,6,22,211.678749999999,42335.75,91.55961618810946,47388.625000000044
417,12,6,24,-102.03375000000013,-20406.75,98.29900957268907,34092.06250000002
418,12,6,26,299.6474999999991,59929.5,90.72369039781817,24116.625000000007
419,12,6,28,-80.07250000000063,-16014.5,79.79678094180943,23363.500000000025
420,12,6,30,90.1662499999993,18033.25,84.40770436408576,61730.62500000006
421,12,6,32,-92.70250000000023,-18540.5,96.31346714963664,50586.00000000005
422,12,6,34,-95.36750000000069,-19073.5,93.23679532625788,44845.50000000013
423,12,6,36,125.39624999999903,25079.25,81.36720891220435,39373.45000000014
424,12,6,38,-95.83625000000048,-19167.25,95.6269947990326,61870.18749999993
425,12,8,6,2229.181041666665,445836.21,98.44323062908781,72135.99999999993
426,12,8,8,1754.2924999999989,350858.5,89.74284190337862,39539.35000000003
427,12,8,10,1939.8149999999987,387963.0,94.0177475665806,43187.87500000006
428,12,8,12,549.6649999999988,109933.0,99.90724466590952,23696.312499999993
429,12,8,14,249.4193749999989,49883.87,81.69623250531934,35924.43750000002
430,12,8,16,-92.47000000000007,-18494.0,99.7927127278033,20520.625000000022
431,12,8,18,99.48062499999865,19896.12,97.53212151829369,45369.68750000005
432,12,8,20,-99.86625000000048,-19973.25,71.77297483696272,35383.000000000065
433,12,8,22,1899.6749999999993,379935.0,70.7342527513332,80485.50000000019
434,12,8,24,140.29124999999934,28058.25,87.44733845056997,47221.99999999997
435,12,8,26,392.7299999999991,78546.0,80.45049013949141,42686.125000000015
436,12,8,28,12.328749999999381,2465.75,94.13731978422929,83177.49999999968
437,12,8,30,56.01874999999939,11203.75,85.79359326108708,23374.250000000022
438,12,8,32,-106.75875000000039,-21351.75,96.50247504666086,23784.000000000022
439,12,8,34,-88.87625000000037,-17775.25,92.05317192545508,23839.125000000004
440,12,8,36,229.75249999999917,45950.5,91.68498541019648,29300.000000000007
441,12,8,38,74.75999999999945,14952.0,99.19141368953711,33397.62500000001
442,12,10,6,2221.7420833333313,444348.42,66.93614354666663,34982.00000000003
443,12,10,8,-3.2220833333346945,-644.42,97.06161010884327,56793.78125000003
444,12,10,10,777.0399999999983,155408.0,74.55113440397703,23506.624999999964
445,12,10,12,634.094374999999,126818.87,92.06681552332905,22343.062500000004
446,12,10,14,2.274999999999054,455.0,97.33082409383044,113813.31249999988
447,12,10,16,-63.10000000000111,-12620.0,80.495841407783,33438.37500000012
448,12,10,18,-80.16250000000123,-16032.5,95.80059110461848,53199.625000000124
449,12,10,20,-96.01000000000045,-19202.0,80.5845636887546,55338.12500000006
450,12,10,22,457.696249999999,91539.25,53.04648276076483,29861.125000000084
451,12,10,24,129.55999999999926,25912.0,86.9613191932815,37238.25000000006
452,12,10,26,321.3824999999991,64276.5,92.0118717418213,25460.375000000004
453,12,10,28,-76.62000000000062,-15324.0,97.59481946795306,78633.00000000012
454,12,10,30,-92.89125000000058,-18578.25,95.21189776676849,24791.750000000015
455,12,10,32,-94.2562500000005,-18851.25,99.94971541318385,52176.62500000004
456,12,10,34,-91.98500000000047,-18397.0,95.37760871896023,25575.62500000008
457,12,10,36,66.61374999999914,13322.75,97.2218745130299,47571.99999999997
458,12,10,38,218.7387499999992,43747.75,92.49449814186347,57369.249999999935
459,12,12,6,1859.908749999999,371981.75,52.655160602411044,47654.50000000015
460,12,12,8,2042.402499999999,408480.5,34.37114673242911,20906.250000000022
461,12,12,10,1848.323749999999,369664.75,51.12639169400446,32845.00000000013
462,12,12,12,269.558749999999,53911.75,54.38003737670377,75364.7499999997
463,12,12,14,3.219999999999348,644.0,77.93194170109558,48431.00000000003
464,12,12,16,114.53874999999927,22907.75,73.52657370442569,77722.00000000006
465,12,12,18,146.3474999999993,29269.5,61.694202359956876,71799.24999999974
466,12,12,20,1840.6874999999995,368137.5,40.373893604648075,37836.99999999996
467,12,12,22,1930.3012499999995,386060.25,35.878674171357105,8605.500000000004
468,12,12,24,1708.5399999999993,341708.0,68.9375315217419,70735.24999999994
469,12,12,26,166.62374999999932,33324.75,62.148221131156966,37531.000000000044
470,12,12,28,196.9237499999994,39384.75,56.46271415838646,17104.250000000007
471,12,12,30,1990.6112499999995,398122.25,47.19678637111606,36569.24999999995
472,12,12,32,1621.0787499999994,324215.75,72.12765570926418,39703.749999999956
473,12,12,34,1932.904999999999,386581.0,45.224346018363505,15663.000000000011
474,12,12,36,1986.3812499999995,397276.25,41.17347453223128,39813.0
475,12,12,38,1899.3574999999992,379871.5,47.17831618279419,31817.999999999905
476,12,14,6,2499.4749999999976,499895.0,97.6663214517577,31592.125000000036
477,12,14,8,1937.718958333332,387543.79,82.53317975226543,36363.5
478,12,14,10,2035.808749999999,407161.75,60.39300330079658,85444.6250000002
479,12,14,12,364.32374999999905,72864.75,63.96898155924882,93110.27499999988
480,12,14,14,443.25749999999886,88651.5,89.67331449537137,71244.99999999968
481,12,14,16,447.99624999999924,89599.25,77.41116855830434,23488.000000000007
482,12,14,18,102.9012499999987,20580.25,85.85317021273656,58076.90624999977
483,12,14,20,445.45499999999913,89091.0,53.23375776682913,91961.25000000009
484,12,14,22,403.5787499999991,80715.75,74.31302004529033,91967.74999999999
485,12,14,24,283.9687499999991,56793.75,70.87758082794615,93657.81249999942
486,12,14,26,424.92374999999913,84984.75,71.22515784037718,21377.875
487,12,14,28,398.34249999999935,79668.5,85.39931015069983,50817.499999999985
488,12,14,30,304.31374999999935,60862.75,75.65547413659837,24469.25000000001
489,12,14,32,172.78124999999926,34556.25,99.15047548014195,33234.00000000001
490,12,14,34,202.24749999999912,40449.5,96.71920345421529,40992.49999999997
491,12,14,36,344.1374999999992,68827.5,77.23301192415155,39346.30000000002
492,12,14,38,208.85499999999922,41771.0,86.58750742384964,50662.999999999774
493,12,16,6,329.0999999999984,65820.0,97.17868581865987,46952.125000000065
494,12,16,8,906.0549999999992,181211.0,56.40001616615312,32271.137500000055
495,12,16,10,2076.978749999999,415395.75,56.370387489722695,68904.62500000009
496,12,16,12,519.0787499999989,103815.75,81.14584113264254,23301.15000000001
497,12,16,14,276.56999999999874,55314.0,91.18148571075866,59089.25000000006
498,12,16,16,546.6524999999992,109330.5,69.29086005661237,34974.47500000001
499,12,16,18,174.4899999999989,34898.0,82.55225841941215,47272.312500000146
500,12,16,20,562.6749999999992,112535.0,69.26632071053422,82823.12499999996
501,12,16,22,572.5812499999992,114516.25,72.43326478995272,95723.99999999991
502,12,16,24,386.85999999999916,77372.0,60.13147215977492,63625.937499999745
503,12,16,26,383.3087499999991,76661.75,72.60448157489742,23482.050000000025
504,12,16,28,461.47499999999945,92295.0,74.44260517988988,50817.499999999985
505,12,16,30,291.09999999999945,58220.0,79.96297934378434,48814.99999999993
506,12,16,32,-95.01750000000037,-19003.5,95.42946735031157,28150.50000000002
507,12,16,34,88.4212499999991,17684.25,95.68744164332419,40992.49999999993
508,12,16,36,289.0174999999991,57803.5,76.12375032226662,41521.93750000004
509,12,16,38,132.0949999999993,26419.0,71.21955594275697,41691.74999999991
510,12,18,6,2737.6299999999983,547526.0,85.13725188095421,24866.249999999996
511,12,18,8,3738.4612499999994,747692.25,97.19895803359158,32089.750000000044
512,12,18,10,1875.9399999999991,375188.0,86.90260690885427,57728.750000000204
513,12,18,12,1074.067499999999,214813.5,86.50382962280648,63130.86250000004
514,12,18,14,398.4899999999992,79698.0,76.94165091075,49749.125000000044
515,12,18,16,-92.99375000000062,-18598.75,92.79798966616023,43575.500000000124
516,12,18,18,86.013749999999,17202.75,89.2532710405964,49813.81250000006
517,12,18,20,354.9599999999991,70992.0,60.05838311853313,50817.499999999854
518,12,18,22,306.65749999999906,61331.5,94.98495366412484,69441.12500000017
519,12,18,24,361.5762499999994,72315.25,98.55450578974842,44385.500000000044
520,12,18,26,255.5549999999992,51111.0,96.21975115117081,24552.875
521,12,18,28,1811.9587499999993,362391.75,91.55558116037093,51649.249999999905
522,12,18,30,130.74874999999946,26149.75,91.8565561554003,27734.250000000004
523,12,18,32,-98.4687500000004,-19693.75,96.0646696540183,28914.62500000002
524,12,18,34,138.22749999999928,27645.5,74.9142066468924,35800.93749999999
525,12,18,36,364.2899999999991,72858.0,84.39086765975603,48260.50000000014
526,12,18,38,115.05874999999929,23011.75,94.04731010585593,47565.25000000003
527,12,20,6,709.5199999999985,141904.0,89.18110841970673,80422.68749999984
528,12,20,8,-78.43750000000044,-15687.5,88.40215823494849,20685.000000000004
529,12,20,10,2478.6024999999995,495720.5,89.26395259762438,60447.875000000044
530,12,20,12,972.7024999999991,194540.5,65.8391950647637,50614.37499999987
531,12,20,14,240.50249999999917,48100.5,98.53389439876307,49700.25
532,12,20,16,295.1574999999992,59031.5,85.53394618583248,45871.00000000001
533,12,20,18,280.4349999999995,56087.0,97.41612025000966,63512.8750000002
534,12,20,20,493.8124999999992,98762.5,61.98030851417402,50817.50000000024
535,12,20,22,448.4349999999992,89687.0,62.663592706931695,47497.750000000044
536,12,20,24,622.3556249999995,124471.12,67.15429830521893,25448.624999999978
537,12,20,26,386.6074999999993,77321.5,98.18663477820665,30934.337499999998
538,12,20,28,1893.113749999999,378622.75,98.45216120996967,59137.87499999999
539,12,20,30,298.3974999999993,59679.5,82.67919623085503,60345.374999999694
540,12,20,32,57.06624999999934,11413.25,92.90201705020361,33346.24999999991
541,12,20,34,194.8349999999992,38967.0,83.70192630377883,56118.37499999986
542,12,20,36,325.8562499999991,65171.25,97.23400838925824,55256.75
543,12,20,38,-114.05125000000045,-22810.25,99.09799980859428,46596.37499999994
544,12,22,6,1856.5162499999985,371303.25,97.67643961492232,65506.09375000031
545,12,22,8,3425.6362499999996,685127.25,93.22260993618798,24177.750000000025
546,12,22,10,2527.5324999999993,505506.5,82.67647203368084,75703.12500000019
547,12,22,12,926.4999999999992,185300.0,42.41131543874436,30708.125000000007
548,12,22,14,-97.40000000000062,-19480.0,96.62217211327199,58704.25000000007
549,12,22,16,219.22624999999888,43845.25,72.82033725644109,43604.999999999825
550,12,22,18,47.04624999999913,9409.25,73.06287504924184,71637.87500000023
551,12,22,20,163.3424999999994,32668.5,76.59944675727245,125163.68750000067
552,12,22,22,136.50499999999917,27301.0,95.78052804618102,59649.00000000007
553,12,22,24,481.2399999999993,96248.0,72.66183477307877,54863.50000000001
554,12,22,26,477.2587499999993,95451.75,50.71913423586539,33474.37499999994
555,12,22,28,338.2287499999994,67645.75,62.433761397813534,49042.5000000001
556,12,22,30,302.88124999999934,60576.25,68.72539725895341,53467.49999999993
557,12,22,32,-45.53000000000062,-9106.0,95.29289248440368,36545.06250000001
558,12,22,34,63.00624999999912,12601.25,87.00193359360591,58943.374999999956
559,12,22,36,227.20249999999908,45440.5,92.44997227075157,52719.24999999999
560,12,22,38,114.51249999999928,22902.5,85.00202689602915,60284.49999999968
561,12,24,6,522.0749999999983,104415.0,54.59882884804619,99183.54999999986
562,12,24,8,-94.05125000000028,-18810.25,92.59184627536968,28718.75000000006
563,12,24,10,2134.124999999999,426825.0,89.74637353358077,44638.50000000006
564,12,24,12,820.4562499999993,164091.25,42.63690222905947,110720.99999999933
565,12,24,14,79.99374999999934,15998.75,89.6283793112971,129828.5000000001
566,12,24,16,-94.81125000000064,-18962.25,95.47608284003498,55967.124999999905
567,12,24,18,-16.28875000000084,-3257.75,85.32782216228954,73400.91250000047
568,12,24,20,-9.812500000000691,-1962.5,97.3259586590264,133413.93749999997
569,12,24,22,289.54249999999917,57908.5,97.67798200728642,56336.87500000001
570,12,24,24,523.5099999999992,104702.0,82.06470028544251,59512.50000000003
571,12,24,26,598.8774999999994,119775.5,73.24031165431495,41407.87500000008
572,12,24,28,490.2462499999991,98049.25,75.73607588914496,45767.50000000007
573,12,24,30,328.9899999999994,65798.0,71.58009576337965,50192.5
574,12,24,32,46.96874999999929,9393.75,98.8359496809665,39460.500000000065
575,12,24,34,110.51624999999905,22103.25,98.21283546615413,53512.00000000005
576,12,24,36,-101.90375000000031,-20380.75,96.2752652255604,63410.49999999997
577,12,24,38,74.10624999999942,14821.25,98.86204421966316,50627.50000000003
578,12,26,6,2182.0899999999992,436418.0,92.13294291991917,66017.68750000001
579,12,26,8,2157.767499999999,431553.5,75.02616490033756,64006.537500000195
580,12,26,10,2053.4649999999997,410693.0,76.26732134476163,244563.74999999965
581,12,26,12,815.8512499999994,163170.25,53.675781209994376,144128.99999999936
582,12,26,14,-25.813750000000635,-5162.75,99.55281143489366,139470.99999999968
583,12,26,16,127.3962499999991,25479.25,95.07147049460498,34866.724999999955
584,12,26,18,-23.243750000000766,-4648.75,86.57270694806387,74831.4999999999
585,12,26,20,63.38124999999921,12676.25,86.1383241015375,128218.18750000029
586,12,26,22,175.02499999999935,35005.0,63.98978147379126,91990.75000000042
587,12,26,24,549.6474999999994,109929.5,52.116581069147635,130206.43750000042
588,12,26,26,464.0612499999995,92812.25,65.420950695342,42138.12499999985
589,12,26,28,1849.5874999999994,369917.5,82.01032562729075,46542.50000000004
590,12,26,30,253.73374999999947,50746.75,66.38813629969263,50967.499999999985
591,12,26,32,-101.48875000000059,-20297.75,96.97725825777154,61309.75000000007
592,12,26,34,-92.0612500000003,-18412.25,90.4193886643464,45916.999999999905
593,12,26,36,162.86249999999941,32572.5,96.63370030301654,63462.24999999991
594,12,26,38,-88.1837500000003,-17636.75,97.62806899438196,55107.75000000003
595,12,28,6,2100.141874999999,420028.37,79.94227471985604,88354.99999999991
596,12,28,8,1878.973749999999,375794.75,77.06599721830682,133882.9999999997
597,12,28,10,1852.5206249999992,370504.12,86.30616349755877,57712.50000000015
598,12,28,12,337.2224999999992,67444.5,67.62872024166475,105725.49999999977
599,12,28,14,-88.98500000000044,-17797.0,74.31039862189596,42275.0000000001
600,12,28,16,108.80499999999915,21761.0,92.37186873213005,32468.250000000047
601,12,28,18,59.3549999999992,11871.0,75.26299143301112,82098.0
602,12,28,20,130.56624999999943,26113.25,78.05547377379652,121292.93749999974
603,12,28,22,347.1899999999995,69438.0,60.18623820760012,33605.43750000007
604,12,28,24,566.6887499999995,113337.75,51.18859353758237,126844.37500000015
605,12,28,26,491.6074999999997,98321.5,57.47714154935084,64355.000000000044
606,12,28,28,1849.8649999999993,369973.0,51.51289154059242,31427.50000000002
607,12,28,30,347.0874999999993,69417.5,64.0124462132207,50505.50000000012
608,12,28,32,-87.47375000000065,-17494.75,98.74436061720455,65114.500000000065
609,12,28,34,197.1612499999992,39432.25,86.42834278804268,36450.937500000044
610,12,28,36,392.5012499999993,78500.25,54.7522225048342,44666.999999999985
611,12,28,38,192.09874999999957,38419.75,72.65137132008157,55581.750000000044
612,15,6,6,71.63249999999829,14326.5,90.24001859999886,26974.975000000017
613,15,6,8,-86.41625000000059,-17283.25,98.81052174140206,52012.4999999998
614,15,6,10,2115.2868749999993,423057.37,77.0791993501046,28939.000000000044
615,15,6,12,623.7968749999989,124759.37,97.61111111111119,19766.250000000015
616,15,6,14,-86.66375000000014,-17332.75,99.90397603860288,33605.13749999996
617,15,6,16,-84.5812500000007,-16916.25,99.36522751606854,79579.37500000016
618,15,6,18,141.42062499999898,28284.12,96.58630223330051,67423.99999999981
619,15,6,20,-76.72250000000051,-15344.5,70.65479848977098,32187.500000000065
620,15,6,22,544.8262499999993,108965.25,76.56120101049666,35685.750000000095
621,15,6,24,185.3606249999993,37072.12,96.19078994856577,162412.43750000003
622,15,6,26,877.2487499999992,175449.75,55.55212078811642,34143.999999999956
623,15,6,28,1798.2374999999995,359647.5,89.26615553121586,56235.000000000095
624,15,6,30,242.56874999999934,48513.75,75.82610809496806,23394.250000000007
625,15,6,32,166.62124999999926,33324.25,97.47128764632903,51738.124999999935
626,15,6,34,85.25749999999923,17051.5,87.53167581343492,22668.1875
627,15,6,36,-93.10750000000043,-18621.5,92.73473583417842,32928.25000000006
628,15,6,38,-88.66125000000049,-17732.25,96.33523078377067,33128.00000000001
629,15,8,6,1910.2849999999976,382057.0,80.94631342633204,36687.50000000001
630,15,8,8,-90.01250000000016,-18002.5,94.20697737841903,23230.475
631,15,8,10,-66.92875000000066,-13385.75,99.57162776457768,37401.34374999994
632,15,8,12,373.73687499999903,74747.37,83.13421851213356,41230.00000000009
633,15,8,14,-81.34875000000005,-16269.75,94.95986832489184,37356.49999999997
634,15,8,16,-95.39375000000014,-19078.75,98.4239545242246,21599.875000000007
635,15,8,18,-84.47125000000129,-16894.25,98.766095469461,78302.60000000011
636,15,8,20,-97.88312500000052,-19576.63,78.12205299886843,33136.250000000044
637,15,8,22,416.846249999999,83369.25,68.0044246118361,31546.062500000065
638,15,8,24,363.88124999999934,72776.25,68.39352092722972,27276.87500000005
639,15,8,26,682.8474999999992,136569.5,71.5211413988871,36644.12500000006
640,15,8,28,1694.7837499999991,338956.75,94.3109531131624,52594.62499999999
641,15,8,30,232.63749999999942,46527.5,72.76986608004327,23569.250000000022
642,15,8,32,-94.10750000000048,-18821.5,74.46765562662301,23518.375000000062
643,15,8,34,-113.34250000000038,-22668.5,99.21756113439419,30480.87500000003
644,15,8,36,108.36749999999907,21673.5,81.02263706785648,29599.999999999993
645,15,8,38,-100.80250000000048,-20160.5,96.71929968092947,32510.500000000047
646,15,10,6,1254.088333333331,250817.67,50.25063791010172,28623.218750000022
647,15,10,8,3552.532499999998,710506.5,97.05794542148982,74445.72500000003
648,15,10,10,817.3449999999987,163469.0,83.94764037202897,22542.24999999999
649,15,10,12,579.478749999999,115895.75,99.16003466397424,62361.24999999998
650,15,10,14,174.9374999999991,34987.5,89.72793782901705,34984.249999999985
651,15,10,16,150.62249999999912,30124.5,84.81677989538883,35268.93750000003
652,15,10,18,37.273124999998835,7454.62,91.19524543880924,99960.55624999994
653,15,10,20,-91.61375000000055,-18322.75,93.07149731618635,72045.24999999991
654,15,10,22,309.137499999999,61827.5,95.05091731004289,38688.81250000006
655,15,10,24,229.00624999999928,45801.25,91.40794397527826,29446.47500000006
656,15,10,26,509.0824999999989,101816.5,96.66938852422982,23085.37500000001
657,15,10,28,228.7524999999993,45750.5,94.56089664781587,23074.750000000036
658,15,10,30,178.63249999999954,35726.5,99.5644371657056,28573.5
659,15,10,32,169.37249999999918,33874.5,94.0456946853811,47707.5
660,15,10,34,159.46499999999926,31893.0,77.61785815310417,20236.625000000007
661,15,10,36,265.1674999999991,53033.5,87.13106958466601,41684.375000000015
662,15,10,38,212.56499999999932,42513.0,68.5223232364513,23054.249999999985
663,15,12,6,307.6168749999983,61523.37,99.31380499545686,138462.49999999985
664,15,12,8,-91.92250000000051,-18384.5,92.92631538987192,45897.468750000044
665,15,12,10,1900.5637499999991,380112.75,94.66618803660215,71895.10625000014
666,15,12,12,478.161874999999,95632.37,87.20208453966418,18824.750000000007
667,15,12,14,-93.82625000000054,-18765.25,93.2016396972867,30296.12499999998
668,15,12,16,-101.43875000000067,-20287.75,99.75789884038974,40303.68750000005
669,15,12,18,113.27187499999884,22654.37,96.51560875986966,52930.12500000008
670,15,12,20,-89.36750000000046,-17873.5,98.98435961668906,72388.4499999999
671,15,12,22,-6.315000000000964,-1263.0,92.36200448765915,96474.99999999999
672,15,12,24,-97.05875000000007,-19411.75,90.60081475240386,26076.499999999978
673,15,12,26,511.219999999999,102244.0,91.91694417644439,22150.375000000007
674,15,12,28,295.37124999999935,59074.25,89.09615551757115,48052.06250000013
675,15,12,30,151.91374999999942,30382.75,75.33474728880714,23531.75
676,15,12,32,173.35749999999933,34671.5,97.80119292557747,52941.375000000124
677,15,12,34,24.243749999999345,4848.75,92.06954179012904,50065.00000000008
678,15,12,36,-104.49250000000052,-20898.5,69.73518841740002,29615.749999999996
679,15,12,38,212.8449999999992,42569.0,89.76709694778229,34197.00000000001
680,15,14,6,581.0206249999973,116204.12,51.751253526255105,18441.28749999998
681,15,14,8,-94.21000000000011,-18842.0,92.11290028357743,27772.50000000003
682,15,14,10,-91.2525,-18250.5,94.38685695721487,31232.374999999985
683,15,14,12,210.2162499999988,42043.25,92.53474004522334,21970.812500000015
684,15,14,14,1380.6624999999992,276132.5,92.19407653759761,61194.62500000014
685,15,14,16,24.238749999999033,4847.75,98.71585117438597,32747.72500000002
686,15,14,18,-85.12750000000051,-17025.5,90.52186320287086,29104.250000000047
687,15,14,20,174.59687499999922,34919.37,97.90475339528246,43830.00000000006
688,15,14,22,136.02999999999898,27206.0,99.4156722636628,147338.49999999974
689,15,14,24,-91.7850000000001,-18357.0,92.69119305561718,27933.96250000001
690,15,14,26,-95.80875000000006,-19161.75,89.58732451870233,21394.125000000007
691,15,14,28,227.8637499999994,45572.75,80.97421908475002,47717.50000000008
692,15,14,30,25.83749999999938,5167.5,93.5542290133504,64961.250000000065
693,15,14,32,-95.69250000000041,-19138.5,88.74207562957692,46929.24999999999
694,15,14,34,-93.35625000000047,-18671.25,86.14949358967637,51194.87499999986
695,15,14,36,191.61499999999913,38323.0,70.23557014373584,44454.374999999956
696,15,14,38,-89.40125000000042,-17880.25,92.24276473277936,68589.87499999981
697,15,16,6,400.51333333333093,80102.67,98.24434631339496,36709.00000000009
698,15,16,8,1764.775624999999,352955.12,92.70886674282136,47071.99999999999
699,15,16,10,2373.997499999998,474799.5,90.42857770717836,36006.625000000044
700,15,16,12,222.4812499999987,44496.25,88.16320542803085,134842.8125000002
701,15,16,14,215.3693749999988,43073.87,97.51217144367588,70461.61250000005
702,15,16,16,314.59124999999904,62918.25,79.65815834396203,37926.225000000006
703,15,16,18,-96.60250000000094,-19320.5,96.47459862504432,46449.625
704,15,16,20,168.66749999999908,33733.5,76.08224493274783,117160.00000000016
705,15,16,22,449.016249999999,89803.25,64.45827783516062,43645.06249999997
706,15,16,24,295.6837499999991,59136.75,87.73100826927163,39503.65000000011
707,15,16,26,-92.53625000000018,-18507.25,90.0021054847879,21373.250000000007
708,15,16,28,191.21999999999935,38244.0,88.36128265070346,49042.500000000015
709,15,16,30,-86.72750000000057,-17345.5,93.95503979707001,47039.99999999996
710,15,16,32,-95.07625000000016,-19015.25,98.32064723059995,25672.750000000015
711,15,16,34,-95.58250000000058,-19116.5,63.999246688568554,19115.375000000007
712,15,16,36,184.54749999999908,36909.5,90.79966480225336,45779.37500000008
713,15,16,38,-85.59625000000044,-17119.25,96.73041196882488,32998.25000000004
714,15,18,6,1610.962499999998,322192.5,92.1001149000573,77981.03571428577
715,15,18,8,1921.6362499999989,384327.25,58.91518558512181,90398.68749999948
716,15,18,10,2239.487499999999,447897.5,92.81711205338082,56475.49999999984
717,15,18,12,756.3974999999989,151279.5,61.07602611198585,38406.43749999991
718,15,18,14,343.5049999999991,68701.0,55.28333198710572,37643.25000000009
719,15,18,16,151.0687499999989,30213.75,73.32237000850097,24689.750000000015
720,15,18,18,92.8324999999988,18566.5,93.11409702312187,65279.50000000007
721,15,18,20,67.0099999999988,13402.0,81.31348700343308,82899.09999999996
722,15,18,22,394.1924999999989,78838.5,40.3508927071266,11407.499999999989
723,15,18,24,362.12499999999943,72425.0,78.24369687913207,41378.025
724,15,18,26,159.70874999999933,31941.75,96.94147378286566,28961.750000000022
725,15,18,28,379.61749999999915,75923.5,75.74077598404679,45767.5
726,15,18,30,496.6987499999993,99339.75,76.55372667004852,43764.99999999991
727,15,18,32,-90.55125000000021,-18110.25,99.21370856103566,29115.87500000002
728,15,18,34,183.84124999999915,36768.25,68.47949283605797,81716.75000000003
729,15,18,36,340.63749999999914,68127.5,91.964535441251,55239.04999999991
730,15,18,38,279.54499999999916,55909.0,69.00888550937285,24163.375
731,15,20,6,2229.494999999998,445899.0,91.13555397659684,69422.84999999989
732,15,20,8,3701.468124999999,740293.62,89.32629651569823,20733.74999999997
733,15,20,10,2567.184999999999,513437.0,81.55967478011864,24921.578125000004
734,15,20,12,787.7074999999993,157541.5,49.571833131462235,108200.7499999999
735,15,20,14,219.09624999999897,43819.25,75.84815002638071,37017.5
736,15,20,16,-92.38125000000018,-18476.25,99.35118392162849,25916.72499999995
737,15,20,18,-92.47000000000098,-18494.0,97.53041192752318,62896.87500000002
738,15,20,20,12.918749999999163,2583.75,83.38241356118519,86474.02500000002
739,15,20,22,176.2224999999992,35244.5,99.79647465019089,54917.99999999996
740,15,20,24,630.9556249999995,126191.12,48.021898084858265,95723.25000000013
741,15,20,26,629.7562499999993,125951.25,93.77184214558275,32131.62500000003
742,15,20,28,212.4537499999994,42490.75,88.75733907368897,45767.50000000006
743,15,20,30,396.18374999999935,79236.75,82.15165337103453,32104.250000000065
744,15,20,32,-97.35375000000013,-19470.75,95.87307520709997,29815.687499999996
745,15,20,34,310.37874999999894,62075.75,72.69230407656133,57993.37499999993
746,15,20,36,289.58749999999924,57917.5,92.7626510480599,49216.500000000044
747,15,20,38,119.52749999999924,23905.5,94.92182336612741,50267.749999999935
748,15,22,6,2424.5662499999985,484913.25,92.15484297731436,57815.87499999983
749,15,22,8,2003.5943749999988,400718.87,90.80617191502793,23040.249999999993
750,15,22,10,2491.886249999999,498377.25,91.80785888779741,56888.62500000008
751,15,22,12,803.7837499999993,160756.75,56.737856205764615,12595.875
752,15,22,14,342.07499999999914,68415.0,59.38761504689419,101788.88750000042
753,15,22,16,237.12999999999923,47426.0,72.68340708286917,23698.22500000007
754,15,22,18,-90.8212500000008,-18164.25,99.65333007615497,90765.12500000026
755,15,22,20,-21.32875000000078,-4265.75,92.07872769936569,137636.74999999997
756,15,22,22,311.8812499999992,62376.25,88.45529561117161,48774.25000000008
757,15,22,24,509.2562499999995,101851.25,57.93426108591761,137032.12499999988
758,15,22,26,520.5512499999993,104110.25,63.85348069419678,36167.24999999997
759,15,22,28,1901.1412499999992,380228.25,84.96994536766158,46542.50000000012
760,15,22,30,431.0399999999992,86208.0,55.24442863880361,45243.8750000001
761,15,22,32,-87.84125000000046,-17568.25,97.84720672468956,49326.000000000015
762,15,22,34,140.99874999999912,28199.75,90.93644705713687,95135.43749999985
763,15,22,36,299.40249999999924,59880.5,97.30494332843655,60191.49999999998
764,15,22,38,-86.17375000000033,-17234.75,98.8761488533969,49433.62500000003
765,15,24,6,2372.8237499999987,474564.75,45.78465145340639,20700.499999999996
766,15,24,8,2040.4087499999991,408081.75,94.19250404068288,47787.62500000011
767,15,24,10,2514.9362499999993,502987.25,93.31101834410912,54987.25000000028
768,15,24,12,511.02249999999907,102204.5,56.50569047812293,55262.812499999854
769,15,24,14,79.031249999999,15806.25,83.1797019613711,55608.74999999991
770,15,24,16,91.34999999999917,18270.0,75.43136989733156,25518.225000000013
771,15,24,18,-65.85500000000094,-13171.0,95.36544887134315,86480.2499999998
772,15,24,20,39.07999999999927,7816.0,92.0463305748186,66416.37500000004
773,15,24,22,417.3112499999993,83462.25,62.22176294306089,37632.500000000015
774,15,24,24,407.93999999999954,81588.0,65.3142183711831,151369.37500000023
775,15,24,26,364.4449999999993,72889.0,75.1402686408008,44639.57499999994
776,15,24,28,422.0624999999991,84412.5,70.11339713098862,46542.500000000204
777,15,24,30,138.33249999999913,27666.5,98.62635683551744,80684.25000000019
778,15,24,32,-93.87250000000053,-18774.5,95.18569355661029,45508.87500000006
779,15,24,34,220.8012499999992,44160.25,94.94749681444044,124158.9249999995
780,15,24,36,285.09249999999923,57018.5,90.71741831512654,73742.37500000007
781,15,24,38,-91.5275000000005,-18305.5,86.08354838318867,53289.37500000005
782,15,26,6,2049.472499999998,409894.5,57.32807936843185,39358.306250000016
783,15,26,8,2000.4637499999988,400092.75,67.25527167995844,28909.27500000003
784,15,26,10,2297.7043749999993,459540.87,54.70623618669186,179734.12499999919
785,15,26,12,1034.9649999999992,206993.0,49.29716327821762,180190.375
786,15,26,14,416.56249999999926,83312.5,93.67104052384619,46062.5000000001
787,15,26,16,192.31249999999926,38462.5,80.9986513436348,28227.62499999999
788,15,26,18,-133.24500000000072,-26649.0,97.63178306449154,75680.37499999991
789,15,26,20,131.04374999999942,26208.75,84.29343127067355,66416.37500000006
790,15,26,22,436.19999999999936,87240.0,83.45656904658846,52780.12499999984
791,15,26,24,441.5162499999994,88303.25,82.57256437403865,51668.75000000003
792,15,26,26,430.7224999999993,86144.5,69.04602804107127,42648.575000000026
793,15,26,28,2032.032499999999,406406.5,72.77142976967984,47717.49999999997
794,15,26,30,212.64624999999936,42529.25,99.72421362676458,71777.49999999978
795,15,26,32,-98.76750000000044,-19753.5,92.7020427796864,44325.25000000009
796,15,26,34,144.2399999999991,28848.0,96.58881520488629,51632.99999999996
797,15,26,36,175.0987499999992,35019.75,99.08289731576981,88720.31250000019
798,15,26,38,-10.07875000000065,-2015.75,92.20066793157564,46346.625000000015
799,15,28,6,2210.5549999999985,442111.0,56.93181235038962,47150.49999999984
800,15,28,8,-89.65250000000012,-17930.5,99.6966847243011,37634.999999999985
801,15,28,10,2637.8062499999996,527561.25,65.10561158848537,59080.24999999987
802,15,28,12,806.5399999999993,161308.0,66.51855949931715,57712.5000000002
803,15,28,14,275.2262499999993,55045.25,83.48449217922312,60085.24999999996
804,15,28,16,65.70624999999907,13141.25,96.80077284866837,40957.374999999985
805,15,28,18,-2.725000000001019,-545.0,84.39739842235036,92213.12500000001
806,15,28,20,187.48249999999925,37496.5,71.85298850538942,57712.49999999988
807,15,28,22,380.0624999999994,76012.5,44.34874833304987,30969.5625
808,15,28,24,493.52499999999947,98705.0,59.0914821705804,140021.62500000081
809,15,28,26,366.97249999999923,73394.5,63.71377799875243,138398.74999999977
810,15,28,28,1901.1924999999994,380238.5,60.87724579286375,82664.37499999985
811,15,28,30,232.12624999999923,46425.25,86.96110152882882,51804.25000000003
812,15,28,32,-102.8137500000004,-20562.75,99.625280084019,48852.8750000001
813,15,28,34,86.70999999999923,17342.0,95.00003557047944,33384.43750000003
814,15,28,36,226.76749999999913,45353.5,68.42793771121424,40800.49999999987
815,15,28,38,-34.0337500000006,-6806.75,99.07898988966357,64384.5
816,18,6,6,-97.1087500000004,-19421.75,90.24383087350736,30756.000000000095
817,18,6,8,-103.25875000000073,-20651.75,98.21870611878552,60101.47500000004
818,18,6,10,2047.0456249999984,409409.12,89.30537449154932,48466.25000000009
819,18,6,12,550.6368749999989,110127.37,94.98076529102462,20863.000000000007
820,18,6,14,72.40999999999933,14482.0,93.75237120365658,39383.437500000015
821,18,6,16,94.83624999999907,18967.25,92.97976504858846,144113.81250000006
822,18,6,18,271.0843749999991,54216.87,82.53058205583076,44633.31250000003
823,18,6,20,34.877499999999145,6975.5,85.46934316536957,39118.25
824,18,6,22,629.1074999999993,125821.5,49.45157772443805,22559.56250000001
825,18,6,24,668.0968749999995,133619.37,69.95328671174774,31784.500000000084
826,18,6,26,893.6549999999992,178731.0,41.4968122860463,9909.75
827,18,6,28,-92.17625000000021,-18435.25,95.44695987370199,30455.8125
828,18,6,30,203.3124999999995,40662.5,74.96067393300602,23469.249999999996
829,18,6,32,210.33624999999927,42067.25,95.55691368762086,55896.37500000008
830,18,6,34,-96.42625000000021,-19285.25,96.9544505320182,25593.187499999993
831,18,6,36,-98.1000000000002,-19620.0,84.65294524121788,30014.124999999993
832,18,6,38,-94.10000000000032,-18820.0,99.91365633061,34714.87500000002
833,18,8,6,-77.93625000000064,-15587.25,91.02119514758587,27474.725000000002
834,18,8,8,-91.95291666666688,-18390.58,98.78099962037712,24654.725000000017
835,18,8,10,-97.2850000000002,-19457.0,98.25836506678527,25416.00000000001
836,18,8,12,299.09624999999903,59819.25,92.13859729367118,46885.90000000005
837,18,8,14,-86.93750000000007,-17387.5,99.40609091144023,38467.175
838,18,8,16,142.89249999999902,28578.5,98.30806769805844,23670.125000000007
839,18,8,18,356.2068749999992,71241.37,70.541333556498,103257.875
840,18,8,20,369.99249999999904,73998.5,87.56151770122248,46881.75000000005
841,18,8,22,496.38999999999925,99278.0,49.020631925591,25752.43750000007
842,18,8,24,436.56312499999945,87312.62,89.91025250988753,44330.24999999999
843,18,8,26,779.139999999999,155828.0,93.52878364372984,22335.37500000001
844,18,8,28,-93.06625000000012,-18613.25,99.37789867998586,25070.062500000036
845,18,8,30,159.52999999999938,31906.0,91.4982273972143,27228.5
846,18,8,32,196.73874999999921,39347.75,94.62288483286768,50306.37500000014
847,18,8,34,-99.68000000000032,-19936.0,94.65059361386395,39543.125
848,18,8,36,155.79374999999914,31158.75,81.62099525452372,42526.37499999991
849,18,8,38,-91.79625000000026,-18359.25,90.68020083942592,34946.56250000008
850,18,10,6,-81.76437500000088,-16352.88,96.54770235595996,57428.624999999876
851,18,10,8,3406.1393749999993,681227.87,94.4306045725301,44859.40624999996
852,18,10,10,2055.001249999999,411000.25,97.89706027981303,70436.81249999978
853,18,10,12,-93.49875000000033,-18699.75,97.42331838988704,51558.125000000065
854,18,10,14,-91.94250000000055,-18388.5,98.92741298911503,37285.00000000003
855,18,10,16,-34.95375000000059,-6990.75,99.42583151250311,30715.125000000007
856,18,10,18,21.881249999999092,4376.25,71.4689957159605,39589.93749999999
857,18,10,20,-93.0650000000006,-18613.0,94.79974124793074,43232.00000000012
858,18,10,22,745.7224999999992,149144.5,92.47085520443481,59698.375000000146
859,18,10,24,373.16999999999933,74634.0,81.33006520834296,26379.000000000004
860,18,10,26,675.4662499999989,135093.25,91.56008916150272,28958.625000000004
861,18,10,28,48.871249999999314,9774.25,99.87893172945292,41764.624999999985
862,18,10,30,157.52249999999955,31504.5,84.02674515541803,61735.49999999974
863,18,10,32,90.83749999999931,18167.5,97.41761407391797,42694.000000000146
864,18,10,34,-98.52875000000039,-19705.75,99.31729598423816,40578.81250000004
865,18,10,36,49.35999999999924,9872.0,79.17312760737966,41229.99999999984
866,18,10,38,-94.27500000000028,-18855.0,97.1768251470866,32889.37500000003
867,18,12,6,2113.969999999998,422794.0,86.98499640700238,62491.000000000146
868,18,12,8,-85.32500000000033,-17065.0,82.44451147290152,28016.500000000062
869,18,12,10,2151.969999999999,430394.0,95.08095915009392,77505.1249999997
870,18,12,12,726.8174999999989,145363.5,78.11117544875509,16862.250000000004
871,18,12,14,160.7787499999995,32155.75,99.33081233350693,40550.5625
872,18,12,16,64.31124999999913,12862.25,92.13726117052047,32062.50000000002
873,18,12,18,-23.341250000001164,-4668.25,93.25481470656878,49456.87499999998
874,18,12,20,-92.46000000000036,-18492.0,83.05608897813566,42602.37499999999
875,18,12,22,404.00624999999917,80801.25,56.14354253849228,28392.000000000044
876,18,12,24,465.7999999999995,93160.0,71.90349725994696,19991.212499999994
877,18,12,26,497.4874999999993,99497.5,93.26558982498734,22475.375000000007
878,18,12,28,237.92249999999936,47584.5,95.74444448628692,31780.81250000003
879,18,12,30,499.87874999999934,99975.75,95.96116583239154,23771.499999999985
880,18,12,32,298.0399999999991,59608.0,99.79334730225288,47626.37500000012
881,18,12,34,286.94249999999914,57388.5,77.88183057035987,31590.175000000036
882,18,12,36,56.39124999999916,11278.25,94.95361319070273,44803.624999999956
883,18,12,38,36.99624999999933,7399.25,96.0778717436832,47633.17499999995
884,18,14,6,2804.306249999998,560861.25,64.18324988231275,37494.250000000015
885,18,14,8,-90.91500000000018,-18183.0,88.65440976963947,24709.812499999993
886,18,14,10,2144.044999999999,428809.0,80.37680356750687,36825.687500000044
887,18,14,12,589.0543749999988,117810.87,92.14881297046902,19892.625
888,18,14,14,388.33437499999934,77666.87,95.7255189080758,40204.0
889,18,14,16,-89.39500000000032,-17879.0,98.74327476161035,30535.000000000025
890,18,14,18,154.72374999999892,30944.75,87.69339933577706,52215.500000000175
891,18,14,20,210.78249999999926,42156.5,97.87521079258022,34824.00000000004
892,18,14,22,136.32749999999925,27265.5,69.93055737361594,80134.12500000003
893,18,14,24,364.30624999999924,72861.25,89.72499146938662,24322.874999999985
894,18,14,26,602.8849999999992,120577.0,91.16809564188732,21771.625000000007
895,18,14,28,318.62999999999937,63726.0,70.32718779315766,45917.499999999876
896,18,14,30,77.73874999999923,15547.75,83.27143557591009,59866.125000000065
897,18,14,32,191.66249999999928,38332.5,84.92796032473692,44695.250000000015
898,18,14,34,66.76749999999936,13353.5,99.89869008487479,50905.87500000009
899,18,14,36,241.716249999999,48343.25,93.47649274631308,57680.312500000255
900,18,14,38,-95.51375000000041,-19102.75,90.57685222183606,43635.624999999985
901,18,16,6,-82.74875000000058,-16549.75,73.77065890736573,79608.49999999968
902,18,16,8,-89.4662500000004,-17893.25,93.20904934573568,26605.12500000002
903,18,16,10,1998.5749999999991,399715.0,77.53394136453797,21401.499999999993
904,18,16,12,315.82374999999877,63164.75,95.60162130862768,20638.0
905,18,16,14,-90.0800000000003,-18016.0,99.2323804197083,43468.00000000013
906,18,16,16,-99.85750000000037,-19971.5,95.65507351242518,27431.125000000044
907,18,16,18,-110.5325000000007,-22106.5,92.85907054569022,64515.000000000044
908,18,16,20,-85.74125000000026,-17148.25,99.55534304153385,43463.124999999985
909,18,16,22,-18.28750000000073,-3657.5,87.77465082343132,21052.75
910,18,16,24,-92.60375000000036,-18520.75,99.20940170940172,23795.375000000004
911,18,16,26,-92.33000000000023,-18466.0,94.33993051900205,22403.37500000001
912,18,16,28,103.0449999999995,20609.0,90.95589009369411,21599.750000000007
913,18,16,30,-97.79375000000063,-19558.75,97.42723030871167,69896.00000000006
914,18,16,32,189.2499999999992,37850.0,57.00057497971833,18092.12500000003
915,18,16,34,252.2937499999992,50458.75,67.39542270752595,56120.0
916,18,16,36,399.9349999999992,79987.0,64.91144653478557,26791.875
917,18,16,38,-88.91250000000036,-17782.5,98.35351803225988,55061.25000000004
918,18,18,6,1929.1037499999989,385820.75,45.671445822391796,47654.50000000003
919,18,18,8,2042.402499999999,408480.5,34.37114673242911,20906.250000000022
920,18,18,10,1848.323749999999,369664.75,51.12639169400446,32845.00000000013
921,18,18,12,269.558749999999,53911.75,54.38003737670377,75364.7499999997
922,18,18,14,3.219999999999348,644.0,77.93194170109558,48431.00000000003
923,18,18,16,114.53874999999927,22907.75,73.52657370442569,77722.00000000006
924,18,18,18,146.3474999999993,29269.5,61.694202359956876,71799.24999999974
925,18,18,20,1840.6874999999995,368137.5,40.373893604648075,37836.99999999996
926,18,18,22,1930.3012499999995,386060.25,35.878674171357105,8605.500000000004
927,18,18,24,1708.5399999999993,341708.0,68.9375315217419,70735.24999999994
928,18,18,26,166.62374999999932,33324.75,62.148221131156966,37531.000000000044
929,18,18,28,196.9237499999994,39384.75,56.46271415838646,17104.250000000007
930,18,18,30,1990.6112499999995,398122.25,47.19678637111606,36569.24999999995
931,18,18,32,1621.0787499999994,324215.75,72.12765570926418,39703.749999999956
932,18,18,34,1932.904999999999,386581.0,45.224346018363505,15663.000000000011
933,18,18,36,1986.3812499999995,397276.25,41.17347453223128,39813.0
934,18,18,38,1899.3574999999992,379871.5,47.17831618279419,31817.999999999905
935,18,20,6,115.47874999999905,23095.75,80.89472432345805,107827.79545454547
936,18,20,8,2046.702499999999,409340.5,97.48433948666782,21981.499999999996
937,18,20,10,-84.48625000000044,-16897.25,99.22729713458207,47642.28125000001
938,18,20,12,638.2849999999991,127657.0,49.25032241404651,41482.50000000006
939,18,20,14,386.842499999999,77368.5,99.30996946522646,53826.50000000001
940,18,20,16,22.303749999999024,4460.75,97.88654696851427,23511.125
941,18,20,18,4.701249999998891,940.25,90.76723771922521,62532.500000000175
942,18,20,20,275.257499999999,55051.5,50.323030531920075,53132.124999999956
943,18,20,22,1816.3949999999993,363279.0,63.85799723870477,74755.1250000002
944,18,20,24,419.3768749999991,83875.37,76.09615664661543,42457.375000000124
945,18,20,26,239.49999999999912,47900.0,92.757676964468,24995.87500000002
946,18,20,28,266.2162499999995,53243.25,82.43300685428888,46542.49999999994
947,18,20,30,308.92999999999927,61786.0,57.366043398042954,44539.999999999985
948,18,20,32,-79.99375000000076,-15998.75,99.03288014398456,41667.118749999965
949,18,20,34,53.86374999999916,10772.75,95.1684550675426,31687.43749999999
950,18,20,36,325.22874999999937,65045.75,93.38817479157116,76813.87500000003
951,18,20,38,187.96249999999927,37592.5,66.41712986266556,23255.875
952,18,22,6,4816.021874999998,963204.37,88.29461022835109,43731.43750000016
953,18,22,8,1961.399999999999,392280.0,98.5708692247457,40280.00000000015
954,18,22,10,1885.284999999999,377057.0,98.5379196347751,31296.875000000044
955,18,22,12,918.0637499999991,183612.75,60.35340505232934,75442.81250000017
956,18,22,14,2.343749999998945,468.75,82.43073183528494,40652.31250000005
957,18,22,16,180.73249999999916,36146.5,73.4718681057374,27807.999999999993
958,18,22,18,-107.79625000000044,-21559.25,91.59212490330461,42033.000000000065
959,18,22,20,174.9299999999992,34986.0,77.39203762871634,103247.75000000017
960,18,22,22,1762.6774999999998,352535.5,83.89035648868321,45570.500000000044
961,18,22,24,352.44999999999925,70490.0,86.07014626578672,32428.024999999965
962,18,22,26,500.362499999999,100072.5,79.21665868994772,23999.874999999993
963,18,22,28,192.49249999999924,38498.5,75.85246957000697,27026.18749999999
964,18,22,30,160.4999999999991,32100.0,91.27237864406655,57239.874999999956
965,18,22,32,-98.71375000000046,-19742.75,98.35127240190556,37372.49999999996
966,18,22,34,-92.85500000000043,-18571.0,91.1628574567545,32153.93749999997
967,18,22,36,165.63624999999902,33127.25,83.74453734737156,70711.37500000009
968,18,22,38,114.6924999999992,22938.5,91.81432085802659,68205.87499999997
969,18,24,6,1939.1099999999983,387822.0,63.26389404624485,58108.76785714301
970,18,24,8,1790.4699999999987,358094.0,97.0410124027096,24998.25
971,18,24,10,2221.589999999999,444318.0,83.33224080969113,31781.249999999975
972,18,24,12,1046.788749999999,209357.75,55.70496118134365,73597.81250000006
973,18,24,14,270.5287499999992,54105.75,98.11498364687952,57391.56249999997
974,18,24,16,21.8612499999992,4372.25,95.59224038011858,70515.05000000005
975,18,24,18,15.771249999998945,3154.25,82.43774180068225,76443.48750000037
976,18,24,20,153.33874999999918,30667.75,72.22666671863645,92652.18749999978
977,18,24,22,68.96499999999925,13793.0,95.76275350522452,56031.62500000006
978,18,24,24,206.82124999999925,41364.25,86.29352639263492,32403.025000000052
979,18,24,26,528.1312499999991,105626.25,78.95604757126647,23999.87500000001
980,18,24,28,1793.7799999999993,358756.0,85.73165825469977,23440.750000000007
981,18,24,30,128.7674999999992,25753.5,61.48352875950594,37150.500000000015
982,18,24,32,-105.53500000000051,-21107.0,99.61323320314405,49128.374999999956
983,18,24,34,60.28874999999891,12057.75,95.32391865479045,79861.18750000016
984,18,24,36,-14.428750000001129,-2885.75,92.45020718676896,64589.875000000015
985,18,24,38,31.582499999999275,6316.5,91.70347656327039,46503.749999999876
986,18,26,6,2374.2174999999984,474843.5,52.5276188048609,32456.750000000113
987,18,26,8,-89.62000000000016,-17924.0,98.51418801197266,30321.31249999994
988,18,26,10,2718.5387499999993,543707.75,48.796946480137734,202186.00000000044
989,18,26,12,816.0799999999991,163216.0,55.295269984247895,195610.7500000012
990,18,26,14,249.7474999999992,49949.5,97.1898734177216,45108.25000000014
991,18,26,16,-91.06250000000085,-18212.5,93.62319807795011,52606.874999999935
992,18,26,18,-90.9525000000008,-18190.5,98.7045813586099,98796.49999999985
993,18,26,20,97.93624999999928,19587.25,79.03797106984118,104513.68750000025
994,18,26,22,-77.13375000000084,-15426.75,81.38353141867901,56295.12500000002
995,18,26,24,434.72499999999934,86945.0,80.43578122854123,191080.12499999977
996,18,26,26,389.51124999999934,77902.25,65.95368413998642,33462.52500000004
997,18,26,28,1760.852499999999,352170.5,60.86171514958924,75886.87500000019
998,18,26,30,-105.37125000000036,-21074.25,95.3018888058906,55817.125000000146
999,18,26,32,-92.2612500000005,-18452.25,95.74785685579543,39608.37499999983
1000,18,26,34,-103.24000000000035,-20648.0,95.88437155043927,35939.50000000003
1001,18,26,36,-102.73500000000055,-20547.0,96.50485597661856,72848.50000000016
1002,18,26,38,32.29249999999932,6458.5,99.62085886049626,69432.74999999999
1003,18,28,6,-99.36312500000068,-19872.63,98.07488003437834,41080.62499999979
1004,18,28,8,2353.2174999999993,470643.5,47.796718150925024,37286.64999999998
1005,18,28,10,2736.4574999999995,547291.5,47.35682084546916,163242.74999999942
1006,18,28,12,707.1274999999991,141425.5,59.299691876234014,200874.0000000009
1007,18,28,14,286.3699999999993,57274.0,89.41461355152252,43548.43750000009
1008,18,28,16,-60.383750000000866,-12076.75,83.20093841518002,39276.874999999935
1009,18,28,18,45.378749999999215,9075.75,81.57997444133602,118099.24999999988
1010,18,28,20,168.41874999999945,33683.75,73.28656118905144,114689.43750000058
1011,18,28,22,102.71624999999915,20543.25,88.05674722703974,130237.25000000035
1012,18,28,24,231.0787499999994,46215.75,98.1047970694514,202232.12500000038
1013,18,28,26,396.64874999999927,79329.75,64.23705669219252,20698.624999999978
1014,18,28,28,1749.718749999999,349943.75,64.66813112369685,81141.125
1015,18,28,30,-113.12000000000022,-22624.0,94.66947220761011,39142.75000000003
1016,18,28,32,168.10999999999905,33622.0,81.29729747350214,62348.62499999994
1017,18,28,34,383.04749999999916,76609.5,98.61845010303223,33500.687500000044
1018,18,28,36,-94.20250000000048,-18840.5,89.63661666159959,45329.12499999995
1019,18,28,38,-99.24000000000025,-19848.0,97.9682013806879,46352.06250000001
