,period_direc,period_he,return,pnl,drawdown (%),drawdown (abs)
0,6,6,2581.49875,516299.75,36.607002091588456,34828.99999999994
1,6,7,2581.49875,516299.75,36.607002091588456,34828.99999999994
2,6,8,2581.49875,516299.75,36.607002091588456,34828.99999999994
3,6,9,2581.49875,516299.75,36.607002091588456,34828.99999999994
4,6,10,2581.49875,516299.75,36.607002091588456,34828.99999999994
5,6,11,2581.49875,516299.75,36.607002091588456,34828.99999999994
6,6,12,2581.49875,516299.75,36.607002091588456,34828.99999999994
7,6,13,2581.49875,516299.75,36.607002091588456,34828.99999999994
8,6,14,2581.49875,516299.75,36.607002091588456,34828.99999999994
9,6,15,2581.49875,516299.75,36.607002091588456,34828.99999999994
10,6,16,2581.49875,516299.75,36.607002091588456,34828.99999999994
11,6,17,2581.49875,516299.75,36.607002091588456,34828.99999999994
12,6,18,2581.49875,516299.75,36.607002091588456,34828.99999999994
13,6,19,2581.49875,516299.75,36.607002091588456,34828.99999999994
14,6,20,2581.49875,516299.75,36.607002091588456,34828.99999999994
15,6,21,2577.12375,515424.75,36.94679000297022,34829.0
16,6,22,2574.9737499999997,514994.75,37.1121387775978,34829.000000000015
17,6,23,2574.9737499999997,514994.75,37.1121387775978,34829.000000000015
18,6,24,2574.9737499999997,514994.75,37.1121387775978,34829.000000000015
19,6,25,2574.9737499999997,514994.75,37.1121387775978,34829.000000000015
20,6,26,2574.9737499999997,514994.75,37.1121387775978,34829.000000000015
21,6,27,2574.9737499999997,514994.75,37.1121387775978,34829.000000000015
22,6,28,2574.34875,514869.75,37.16163588446808,34828.99999999992
23,6,29,2571.09875,514219.75,37.42116403253365,34828.999999999956
24,6,30,2568.47375,513694.75,37.94181635308135,8676.249999999995
25,6,31,2566.59875,513319.75,38.574397848147676,8676.249999999996
26,6,32,2564.47375,512894.75,39.31731411933977,8676.250000000005
27,6,33,2564.47375,512894.75,39.31731411933977,8676.250000000005
28,6,34,2569.22375,513844.75,37.678185627897385,8676.25
29,6,35,2569.22375,513844.75,37.678185627897385,8676.25
30,6,36,2569.22375,513844.75,37.678185627897385,8676.25
31,6,37,2569.22375,513844.75,37.678185627897385,8676.25
32,6,38,2569.22375,513844.75,37.15866233509894,34828.99999999981
33,6,39,2573.78125,514756.25,36.796898110974844,34828.99999999987
34,7,6,2704.5475,540909.5,27.348083307250587,26649.74999999981
35,7,7,2704.5475,540909.5,27.348083307250587,26649.74999999981
36,7,8,2704.5475,540909.5,27.348083307250587,26649.74999999981
37,7,9,2704.5475,540909.5,27.348083307250587,26649.74999999981
38,7,10,2704.5475,540909.5,27.348083307250587,26649.74999999981
39,7,11,2704.5475,540909.5,27.348083307250587,26649.74999999981
40,7,12,2704.5475,540909.5,27.348083307250587,26649.74999999981
41,7,13,2704.5475,540909.5,27.348083307250587,26649.74999999981
42,7,14,2704.5475,540909.5,27.348083307250587,26649.74999999981
43,7,15,2704.5475,540909.5,27.348083307250587,26649.74999999981
44,7,16,2704.5475,540909.5,27.348083307250587,26649.74999999981
45,7,17,2704.5475,540909.5,27.348083307250587,26649.74999999981
46,7,18,2704.5475,540909.5,27.348083307250587,26649.74999999981
47,7,19,2704.5475,540909.5,27.348083307250587,26649.74999999981
48,7,20,2704.5475,540909.5,27.348083307250587,26649.74999999981
49,7,21,2704.5475,540909.5,27.348083307250587,26649.74999999981
50,7,22,2702.397500000001,540479.5,27.46646534709587,26649.750000000015
51,7,23,2702.397500000001,540479.5,27.46646534709587,26649.750000000015
52,7,24,2702.397500000001,540479.5,27.46646534709587,26649.750000000015
53,7,25,2702.397500000001,540479.5,27.46646534709587,26649.750000000015
54,7,26,2702.397500000001,540479.5,27.46646534709587,26649.750000000015
55,7,27,2702.397500000001,540479.5,27.46646534709587,26649.750000000015
56,7,28,2701.7725000000005,540354.5,27.556749313966,7104.75
57,7,29,2698.5225000000005,539704.5,28.26945458524398,7104.749999999982
58,7,30,2695.8975000000005,539179.5,28.872588363185624,7104.749999999996
59,7,31,2694.0225000000005,538804.5,29.31939873515662,7104.749999999989
60,7,32,2691.8975000000005,538379.5,29.84279998739876,7104.749999999993
61,7,33,2691.8975000000005,538379.5,29.84279998739876,7104.749999999993
62,7,34,2696.6475,539329.5,28.686067286436646,7104.749999999978
63,7,35,2696.6475,539329.5,28.686067286436646,7104.749999999978
64,7,36,2696.6475,539329.5,28.686067286436646,7104.749999999978
65,7,37,2696.6475,539329.5,28.686067286436646,7104.749999999978
66,7,38,2696.6475,539329.5,27.54873544722217,7104.749999999978
67,7,39,2701.205,540241.0,27.24073780671665,26649.74999999994
68,8,6,2742.35625,548471.25,27.433759085325853,14852.500000000015
69,8,7,2742.35625,548471.25,27.433759085325853,14852.500000000015
70,8,8,2742.35625,548471.25,27.433759085325853,14852.500000000015
71,8,9,2742.35625,548471.25,27.433759085325853,14852.500000000015
72,8,10,2742.35625,548471.25,27.433759085325853,14852.500000000015
73,8,11,2742.35625,548471.25,27.433759085325853,14852.500000000015
74,8,12,2742.35625,548471.25,27.433759085325853,14852.500000000015
75,8,13,2742.35625,548471.25,27.433759085325853,14852.500000000015
76,8,14,2742.35625,548471.25,27.433759085325853,14852.500000000015
77,8,15,2742.35625,548471.25,27.433759085325853,14852.500000000015
78,8,16,2742.35625,548471.25,27.433759085325853,14852.500000000015
79,8,17,2742.35625,548471.25,27.433759085325853,14852.500000000015
80,8,18,2742.35625,548471.25,27.433759085325853,14852.500000000015
81,8,19,2742.35625,548471.25,27.433759085325853,14852.500000000015
82,8,20,2742.35625,548471.25,27.433759085325853,14852.500000000015
83,8,21,2742.35625,548471.25,27.433759085325853,14852.500000000015
84,8,22,2742.35625,548471.25,27.433759085325853,14852.500000000015
85,8,23,2742.35625,548471.25,27.433759085325853,14852.500000000015
86,8,24,2742.35625,548471.25,27.433759085325853,14852.500000000015
87,8,25,2742.35625,548471.25,27.433759085325853,14852.500000000015
88,8,26,2742.35625,548471.25,27.433759085325853,14852.500000000015
89,8,27,2742.35625,548471.25,27.433759085325853,14852.500000000015
90,8,28,2741.7312500000003,548346.25,27.497246109840873,14852.500000000015
91,8,29,2738.48125,547696.25,27.832173073859927,14852.499999999993
92,8,30,2735.8562500000003,547171.25,28.108706554755464,14852.500000000015
93,8,31,2733.9812500000003,546796.25,28.309618885150982,14852.500000000044
94,8,32,2731.85625,546371.25,28.54081995407334,14852.5
95,8,33,2731.85625,546371.25,28.54081995407334,14852.5
96,8,34,2736.6062500000003,547321.25,28.02384928159699,14852.499999999993
97,8,35,2736.6062500000003,547321.25,28.02384928159699,14852.499999999993
98,8,36,2736.6062500000003,547321.25,28.02384928159699,14852.499999999993
99,8,37,2736.6062500000003,547321.25,28.02384928159699,14852.499999999993
100,8,38,2736.6062500000003,547321.25,27.493428603161696,14852.500000000058
101,8,39,2741.16375,548232.75,27.032315014514857,14852.499999999935
102,9,6,2756.64625,551329.25,29.492713657143476,30079.249999999884
103,9,7,2756.64625,551329.25,29.492713657143476,30079.249999999884
104,9,8,2756.64625,551329.25,29.492713657143476,30079.249999999884
105,9,9,2756.64625,551329.25,29.492713657143476,30079.249999999884
106,9,10,2756.64625,551329.25,29.492713657143476,30079.249999999884
107,9,11,2756.64625,551329.25,29.492713657143476,30079.249999999884
108,9,12,2756.64625,551329.25,29.492713657143476,30079.249999999884
109,9,13,2756.64625,551329.25,29.492713657143476,30079.249999999884
110,9,14,2756.64625,551329.25,29.492713657143476,30079.249999999884
111,9,15,2756.64625,551329.25,29.492713657143476,30079.249999999884
112,9,16,2756.64625,551329.25,29.492713657143476,30079.249999999884
113,9,17,2756.64625,551329.25,29.492713657143476,30079.249999999884
114,9,18,2756.64625,551329.25,29.492713657143476,30079.249999999884
115,9,19,2756.64625,551329.25,29.492713657143476,30079.249999999884
116,9,20,2756.64625,551329.25,29.492713657143476,30079.249999999884
117,9,21,2756.64625,551329.25,29.492713657143476,30079.249999999884
118,9,22,2756.64625,551329.25,29.492713657143476,30079.249999999884
119,9,23,2756.64625,551329.25,29.492713657143476,30079.249999999884
120,9,24,2756.64625,551329.25,29.492713657143476,30079.249999999884
121,9,25,2756.64625,551329.25,29.492713657143476,30079.249999999884
122,9,26,2756.64625,551329.25,29.492713657143476,30079.249999999884
123,9,27,2756.64625,551329.25,29.492713657143476,30079.249999999884
124,9,28,2756.02125,551204.25,29.528905032457576,30079.250000000015
125,9,29,2752.77125,550554.25,29.820482149017284,16640.499999999993
126,9,30,2750.14625,550029.25,30.103704507731432,16640.499999999985
127,9,31,2748.2712500000002,549654.25,30.309322477676222,16640.49999999995
128,9,32,2746.14625,549229.25,30.545778283595432,16640.499999999978
129,9,33,2746.14625,549229.25,30.545778283595432,16640.499999999978
130,9,34,2750.89625,550179.25,30.0168208199361,16640.50000000006
131,9,35,2750.89625,550179.25,30.0168208199361,16640.50000000006
132,9,36,2750.89625,550179.25,30.0168208199361,16640.50000000006
133,9,37,2750.89625,550179.25,30.0168208199361,16640.50000000006
134,9,38,2750.89625,550179.25,29.526731045314524,30079.249999999956
135,9,39,2755.4537499999997,551090.75,29.2620345306453,30079.25
136,10,6,2763.26375,552652.75,27.771537107725553,26391.49999999997
137,10,7,2763.26375,552652.75,27.771537107725553,26391.49999999997
138,10,8,2763.26375,552652.75,27.771537107725553,26391.49999999997
139,10,9,2763.26375,552652.75,27.771537107725553,26391.49999999997
140,10,10,2763.26375,552652.75,27.771537107725553,26391.49999999997
141,10,11,2763.26375,552652.75,27.771537107725553,26391.49999999997
142,10,12,2763.26375,552652.75,27.771537107725553,26391.49999999997
143,10,13,2763.26375,552652.75,27.771537107725553,26391.49999999997
144,10,14,2763.26375,552652.75,27.771537107725553,26391.49999999997
145,10,15,2763.26375,552652.75,27.771537107725553,26391.49999999997
146,10,16,2763.26375,552652.75,27.771537107725553,26391.49999999997
147,10,17,2763.26375,552652.75,27.771537107725553,26391.49999999997
148,10,18,2763.26375,552652.75,27.771537107725553,26391.49999999997
149,10,19,2763.26375,552652.75,27.771537107725553,26391.49999999997
150,10,20,2763.26375,552652.75,27.771537107725553,26391.49999999997
151,10,21,2763.26375,552652.75,27.771537107725553,26391.49999999997
152,10,22,2763.26375,552652.75,27.771537107725553,26391.49999999997
153,10,23,2763.26375,552652.75,27.771537107725553,26391.49999999997
154,10,24,2763.26375,552652.75,27.771537107725553,26391.49999999997
155,10,25,2763.26375,552652.75,27.771537107725553,26391.49999999997
156,10,26,2763.26375,552652.75,27.771537107725553,26391.49999999997
157,10,27,2763.26375,552652.75,27.771537107725553,26391.49999999997
158,10,28,2763.26375,552652.75,27.771537107725553,26391.49999999997
159,10,29,2763.26375,552652.75,27.771537107725553,26391.49999999997
160,10,30,2763.26375,552652.75,27.771537107725553,26391.49999999997
161,10,31,2761.38875,552277.75,27.881560285561136,26391.50000000006
162,10,32,2759.26375,551852.75,28.00731183822692,26391.49999999994
163,10,33,2759.26375,551852.75,28.00731183822692,26391.49999999994
164,10,34,2764.01375,552802.75,27.724857719893926,26391.499999999796
165,10,35,2764.01375,552802.75,27.724857719893926,26391.499999999796
166,10,36,2764.01375,552802.75,27.724857719893926,26391.499999999796
167,10,37,2764.01375,552802.75,27.724857719893926,26391.499999999796
168,10,38,2764.01375,552802.75,27.43021361402931,26391.5
169,10,39,2764.01375,552802.75,27.43021361402931,26391.5
170,11,6,2721.5975,544319.5,31.828894784182825,27955.000000000036
171,11,7,2721.5975,544319.5,31.828894784182825,27955.000000000036
172,11,8,2721.5975,544319.5,31.828894784182825,27955.000000000036
173,11,9,2721.5975,544319.5,31.828894784182825,27955.000000000036
174,11,10,2721.5975,544319.5,31.828894784182825,27955.000000000036
175,11,11,2721.5975,544319.5,31.828894784182825,27955.000000000036
176,11,12,2721.5975,544319.5,31.828894784182825,27955.000000000036
177,11,13,2721.5975,544319.5,31.828894784182825,27955.000000000036
178,11,14,2721.5975,544319.5,31.828894784182825,27955.000000000036
179,11,15,2721.5975,544319.5,31.828894784182825,27955.000000000036
180,11,16,2721.5975,544319.5,31.828894784182825,27955.000000000036
181,11,17,2721.5975,544319.5,31.828894784182825,27955.000000000036
182,11,18,2721.5975,544319.5,31.828894784182825,27955.000000000036
183,11,19,2721.5975,544319.5,31.828894784182825,27955.000000000036
184,11,20,2721.5975,544319.5,31.828894784182825,27955.000000000036
185,11,21,2721.5975,544319.5,31.828894784182825,27955.000000000036
186,11,22,2721.5975,544319.5,31.828894784182825,27955.000000000036
187,11,23,2721.5975,544319.5,31.828894784182825,27955.000000000036
188,11,24,2721.5975,544319.5,31.828894784182825,27955.000000000036
189,11,25,2721.5975,544319.5,31.828894784182825,27955.000000000036
190,11,26,2721.5975,544319.5,31.828894784182825,27955.000000000036
191,11,27,2721.5975,544319.5,31.828894784182825,27955.000000000036
192,11,28,2721.5975,544319.5,31.828894784182825,27955.000000000036
193,11,29,2721.5975,544319.5,31.828894784182825,27955.000000000036
194,11,30,2721.5975,544319.5,31.828894784182825,27955.000000000036
195,11,31,2721.5975,544319.5,31.828894784182825,27955.000000000036
196,11,32,2721.5975,544319.5,31.828894784182825,27955.000000000036
197,11,33,2721.5975,544319.5,31.828894784182825,27955.000000000036
198,11,34,2726.3475,545269.5,31.48475599454883,27955.00000000006
199,11,35,2726.3475,545269.5,31.48475599454883,27955.00000000006
200,11,36,2726.3475,545269.5,31.48475599454883,27955.00000000006
201,11,37,2726.3475,545269.5,31.48475599454883,27955.00000000006
202,11,38,2726.3475,545269.5,31.12630342439434,27954.999999999956
203,11,39,2726.3475,545269.5,31.12630342439434,27954.999999999956
204,12,6,2774.03375,554806.75,30.691786612210826,27954.99999999984
205,12,7,2774.03375,554806.75,30.691786612210826,27954.99999999984
206,12,8,2774.03375,554806.75,30.691786612210826,27954.99999999984
207,12,9,2774.03375,554806.75,30.691786612210826,27954.99999999984
208,12,10,2774.03375,554806.75,30.691786612210826,27954.99999999984
209,12,11,2774.03375,554806.75,30.691786612210826,27954.99999999984
210,12,12,2774.03375,554806.75,30.691786612210826,27954.99999999984
211,12,13,2774.03375,554806.75,30.691786612210826,27954.99999999984
212,12,14,2774.03375,554806.75,30.691786612210826,27954.99999999984
213,12,15,2774.03375,554806.75,30.691786612210826,27954.99999999984
214,12,16,2774.03375,554806.75,30.691786612210826,27954.99999999984
215,12,17,2774.03375,554806.75,30.691786612210826,27954.99999999984
216,12,18,2774.03375,554806.75,30.691786612210826,27954.99999999984
217,12,19,2774.03375,554806.75,30.691786612210826,27954.99999999984
218,12,20,2774.03375,554806.75,30.691786612210826,27954.99999999984
219,12,21,2774.03375,554806.75,30.691786612210826,27954.99999999984
220,12,22,2774.03375,554806.75,30.691786612210826,27954.99999999984
221,12,23,2774.03375,554806.75,30.691786612210826,27954.99999999984
222,12,24,2774.03375,554806.75,30.691786612210826,27954.99999999984
223,12,25,2774.03375,554806.75,30.691786612210826,27954.99999999984
224,12,26,2774.03375,554806.75,30.691786612210826,27954.99999999984
225,12,27,2774.03375,554806.75,30.691786612210826,27954.99999999984
226,12,28,2774.03375,554806.75,30.691786612210826,27954.99999999984
227,12,29,2774.03375,554806.75,30.691786612210826,27954.99999999984
228,12,30,2774.03375,554806.75,30.691786612210826,27954.99999999984
229,12,31,2774.03375,554806.75,30.691786612210826,27954.99999999984
230,12,32,2774.03375,554806.75,30.691786612210826,27954.99999999984
231,12,33,2774.03375,554806.75,30.691786612210826,27954.99999999984
232,12,34,2774.03375,554806.75,30.691786612210826,27954.99999999984
233,12,35,2774.03375,554806.75,30.691786612210826,27954.99999999984
234,12,36,2774.03375,554806.75,30.691786612210826,27954.99999999984
235,12,37,2774.03375,554806.75,30.691786612210826,27954.99999999984
236,12,38,2774.03375,554806.75,30.351064811547584,27955.000000000007
237,12,39,2774.03375,554806.75,30.351064811547584,27955.000000000007
238,13,6,2770.295,554059.0,37.154511736356866,35136.00000000012
239,13,7,2770.295,554059.0,37.154511736356866,35136.00000000012
240,13,8,2770.295,554059.0,37.154511736356866,35136.00000000012
241,13,9,2770.295,554059.0,37.154511736356866,35136.00000000012
242,13,10,2770.295,554059.0,37.154511736356866,35136.00000000012
243,13,11,2770.295,554059.0,37.154511736356866,35136.00000000012
244,13,12,2770.295,554059.0,37.154511736356866,35136.00000000012
245,13,13,2770.295,554059.0,37.154511736356866,35136.00000000012
246,13,14,2770.295,554059.0,37.154511736356866,35136.00000000012
247,13,15,2770.295,554059.0,37.154511736356866,35136.00000000012
248,13,16,2770.295,554059.0,37.154511736356866,35136.00000000012
249,13,17,2770.295,554059.0,37.154511736356866,35136.00000000012
250,13,18,2770.295,554059.0,37.154511736356866,35136.00000000012
251,13,19,2770.295,554059.0,37.154511736356866,35136.00000000012
252,13,20,2770.295,554059.0,37.154511736356866,35136.00000000012
253,13,21,2770.295,554059.0,37.154511736356866,35136.00000000012
254,13,22,2770.295,554059.0,37.154511736356866,35136.00000000012
255,13,23,2770.295,554059.0,37.154511736356866,35136.00000000012
256,13,24,2770.295,554059.0,37.154511736356866,35136.00000000012
257,13,25,2770.295,554059.0,37.154511736356866,35136.00000000012
258,13,26,2770.295,554059.0,37.154511736356866,35136.00000000012
259,13,27,2770.295,554059.0,37.154511736356866,35136.00000000012
260,13,28,2770.295,554059.0,37.154511736356866,35136.00000000012
261,13,29,2770.295,554059.0,37.154511736356866,35136.00000000012
262,13,30,2770.295,554059.0,37.154511736356866,35136.00000000012
263,13,31,2770.295,554059.0,37.154511736356866,35136.00000000012
264,13,32,2770.295,554059.0,37.154511736356866,35136.00000000012
265,13,33,2770.295,554059.0,37.154511736356866,35136.00000000012
266,13,34,2770.295,554059.0,37.154511736356866,35136.00000000012
267,13,35,2770.295,554059.0,37.154511736356866,35136.00000000012
268,13,36,2770.295,554059.0,37.154511736356866,35136.00000000012
269,13,37,2770.295,554059.0,37.154511736356866,35136.00000000012
270,13,38,2770.295,554059.0,37.154511736356866,35136.00000000012
271,13,39,2770.295,554059.0,37.154511736356866,35136.00000000012
272,14,6,2770.65625,554131.25,34.3474355227983,31735.999999999935
273,14,7,2770.65625,554131.25,34.3474355227983,31735.999999999935
274,14,8,2770.65625,554131.25,34.3474355227983,31735.999999999935
275,14,9,2770.65625,554131.25,34.3474355227983,31735.999999999935
276,14,10,2770.65625,554131.25,34.3474355227983,31735.999999999935
277,14,11,2770.65625,554131.25,34.3474355227983,31735.999999999935
278,14,12,2770.65625,554131.25,34.3474355227983,31735.999999999935
279,14,13,2770.65625,554131.25,34.3474355227983,31735.999999999935
280,14,14,2770.65625,554131.25,34.3474355227983,31735.999999999935
281,14,15,2770.65625,554131.25,34.3474355227983,31735.999999999935
282,14,16,2770.65625,554131.25,34.3474355227983,31735.999999999935
283,14,17,2770.65625,554131.25,34.3474355227983,31735.999999999935
284,14,18,2770.65625,554131.25,34.3474355227983,31735.999999999935
285,14,19,2770.65625,554131.25,34.3474355227983,31735.999999999935
286,14,20,2770.65625,554131.25,34.3474355227983,31735.999999999935
287,14,21,2770.65625,554131.25,34.3474355227983,31735.999999999935
288,14,22,2770.65625,554131.25,34.3474355227983,31735.999999999935
289,14,23,2770.65625,554131.25,34.3474355227983,31735.999999999935
290,14,24,2770.65625,554131.25,34.3474355227983,31735.999999999935
291,14,25,2770.65625,554131.25,34.3474355227983,31735.999999999935
292,14,26,2770.65625,554131.25,34.3474355227983,31735.999999999935
293,14,27,2770.65625,554131.25,34.3474355227983,31735.999999999935
294,14,28,2770.65625,554131.25,34.3474355227983,31735.999999999935
295,14,29,2770.65625,554131.25,34.3474355227983,31735.999999999935
296,14,30,2770.65625,554131.25,34.3474355227983,31735.999999999935
297,14,31,2770.65625,554131.25,34.3474355227983,31735.999999999935
298,14,32,2770.65625,554131.25,34.3474355227983,31735.999999999935
299,14,33,2770.65625,554131.25,34.3474355227983,31735.999999999935
300,14,34,2770.65625,554131.25,34.3474355227983,31735.999999999935
301,14,35,2770.65625,554131.25,34.3474355227983,31735.999999999935
302,14,36,2770.65625,554131.25,34.3474355227983,31735.999999999935
303,14,37,2770.65625,554131.25,34.3474355227983,31735.999999999935
304,14,38,2770.65625,554131.25,34.3474355227983,31735.999999999935
305,14,39,2770.65625,554131.25,34.3474355227983,31735.999999999935
306,15,6,2755.57375,551114.75,45.19101190621445,41665.99999999996
307,15,7,2755.57375,551114.75,45.19101190621445,41665.99999999996
308,15,8,2755.57375,551114.75,45.19101190621445,41665.99999999996
309,15,9,2755.57375,551114.75,45.19101190621445,41665.99999999996
310,15,10,2755.57375,551114.75,45.19101190621445,41665.99999999996
311,15,11,2755.57375,551114.75,45.19101190621445,41665.99999999996
312,15,12,2755.57375,551114.75,45.19101190621445,41665.99999999996
313,15,13,2755.57375,551114.75,45.19101190621445,41665.99999999996
314,15,14,2755.57375,551114.75,45.19101190621445,41665.99999999996
315,15,15,2755.57375,551114.75,45.19101190621445,41665.99999999996
316,15,16,2755.57375,551114.75,45.19101190621445,41665.99999999996
317,15,17,2755.57375,551114.75,45.19101190621445,41665.99999999996
318,15,18,2755.57375,551114.75,45.19101190621445,41665.99999999996
319,15,19,2755.57375,551114.75,45.19101190621445,41665.99999999996
320,15,20,2755.57375,551114.75,45.19101190621445,41665.99999999996
321,15,21,2755.57375,551114.75,45.19101190621445,41665.99999999996
322,15,22,2755.57375,551114.75,45.19101190621445,41665.99999999996
323,15,23,2755.57375,551114.75,45.19101190621445,41665.99999999996
324,15,24,2755.57375,551114.75,45.19101190621445,41665.99999999996
325,15,25,2755.57375,551114.75,45.19101190621445,41665.99999999996
326,15,26,2755.57375,551114.75,45.19101190621445,41665.99999999996
327,15,27,2755.57375,551114.75,45.19101190621445,41665.99999999996
328,15,28,2755.57375,551114.75,45.19101190621445,41665.99999999996
329,15,29,2755.57375,551114.75,45.19101190621445,41665.99999999996
330,15,30,2755.57375,551114.75,45.19101190621445,41665.99999999996
331,15,31,2755.57375,551114.75,45.19101190621445,41665.99999999996
332,15,32,2755.57375,551114.75,45.19101190621445,41665.99999999996
333,15,33,2755.57375,551114.75,45.19101190621445,41665.99999999996
334,15,34,2755.57375,551114.75,45.19101190621445,41665.99999999996
335,15,35,2755.57375,551114.75,45.19101190621445,41665.99999999996
336,15,36,2755.57375,551114.75,45.19101190621445,41665.99999999996
337,15,37,2755.57375,551114.75,45.19101190621445,41665.99999999996
338,15,38,2755.57375,551114.75,45.19101190621445,41665.99999999996
339,15,39,2755.57375,551114.75,45.19101190621445,41665.99999999996
340,16,6,2771.9249999999997,554385.0,45.58132156951756,41665.99999999998
341,16,7,2771.9249999999997,554385.0,45.58132156951756,41665.99999999998
342,16,8,2771.9249999999997,554385.0,45.58132156951756,41665.99999999998
343,16,9,2771.9249999999997,554385.0,45.58132156951756,41665.99999999998
344,16,10,2771.9249999999997,554385.0,45.58132156951756,41665.99999999998
345,16,11,2771.9249999999997,554385.0,45.58132156951756,41665.99999999998
346,16,12,2771.9249999999997,554385.0,45.58132156951756,41665.99999999998
347,16,13,2771.9249999999997,554385.0,45.58132156951756,41665.99999999998
348,16,14,2771.9249999999997,554385.0,45.58132156951756,41665.99999999998
349,16,15,2771.9249999999997,554385.0,45.58132156951756,41665.99999999998
350,16,16,2771.9249999999997,554385.0,45.58132156951756,41665.99999999998
351,16,17,2771.9249999999997,554385.0,45.58132156951756,41665.99999999998
352,16,18,2771.9249999999997,554385.0,45.58132156951756,41665.99999999998
353,16,19,2771.9249999999997,554385.0,45.58132156951756,41665.99999999998
354,16,20,2771.9249999999997,554385.0,45.58132156951756,41665.99999999998
355,16,21,2771.9249999999997,554385.0,45.58132156951756,41665.99999999998
356,16,22,2771.9249999999997,554385.0,45.58132156951756,41665.99999999998
357,16,23,2771.9249999999997,554385.0,45.58132156951756,41665.99999999998
358,16,24,2771.9249999999997,554385.0,45.58132156951756,41665.99999999998
359,16,25,2771.9249999999997,554385.0,45.58132156951756,41665.99999999998
360,16,26,2771.9249999999997,554385.0,45.58132156951756,41665.99999999998
361,16,27,2771.9249999999997,554385.0,45.58132156951756,41665.99999999998
362,16,28,2771.9249999999997,554385.0,45.58132156951756,41665.99999999998
363,16,29,2771.9249999999997,554385.0,45.58132156951756,41665.99999999998
364,16,30,2771.9249999999997,554385.0,45.58132156951756,41665.99999999998
365,16,31,2771.9249999999997,554385.0,45.58132156951756,41665.99999999998
366,16,32,2771.9249999999997,554385.0,45.58132156951756,41665.99999999998
367,16,33,2771.9249999999997,554385.0,45.58132156951756,41665.99999999998
368,16,34,2771.9249999999997,554385.0,45.58132156951756,41665.99999999998
369,16,35,2771.9249999999997,554385.0,45.58132156951756,41665.99999999998
370,16,36,2771.9249999999997,554385.0,45.58132156951756,41665.99999999998
371,16,37,2771.9249999999997,554385.0,45.58132156951756,41665.99999999998
372,16,38,2771.9249999999997,554385.0,45.58132156951756,41665.99999999998
373,16,39,2771.9249999999997,554385.0,45.58132156951756,41665.99999999998
374,17,6,2805.1862499999997,561037.25,44.9024568323324,41665.99999999996
375,17,7,2805.1862499999997,561037.25,44.9024568323324,41665.99999999996
376,17,8,2805.1862499999997,561037.25,44.9024568323324,41665.99999999996
377,17,9,2805.1862499999997,561037.25,44.9024568323324,41665.99999999996
378,17,10,2805.1862499999997,561037.25,44.9024568323324,41665.99999999996
379,17,11,2805.1862499999997,561037.25,44.9024568323324,41665.99999999996
380,17,12,2805.1862499999997,561037.25,44.9024568323324,41665.99999999996
381,17,13,2805.1862499999997,561037.25,44.9024568323324,41665.99999999996
382,17,14,2805.1862499999997,561037.25,44.9024568323324,41665.99999999996
383,17,15,2805.1862499999997,561037.25,44.9024568323324,41665.99999999996
384,17,16,2805.1862499999997,561037.25,44.9024568323324,41665.99999999996
385,17,17,2805.1862499999997,561037.25,44.9024568323324,41665.99999999996
386,17,18,2805.1862499999997,561037.25,44.9024568323324,41665.99999999996
387,17,19,2805.1862499999997,561037.25,44.9024568323324,41665.99999999996
388,17,20,2805.1862499999997,561037.25,44.9024568323324,41665.99999999996
389,17,21,2805.1862499999997,561037.25,44.9024568323324,41665.99999999996
390,17,22,2805.1862499999997,561037.25,44.9024568323324,41665.99999999996
391,17,23,2805.1862499999997,561037.25,44.9024568323324,41665.99999999996
392,17,24,2805.1862499999997,561037.25,44.9024568323324,41665.99999999996
393,17,25,2805.1862499999997,561037.25,44.9024568323324,41665.99999999996
394,17,26,2805.1862499999997,561037.25,44.9024568323324,41665.99999999996
395,17,27,2805.1862499999997,561037.25,44.9024568323324,41665.99999999996
396,17,28,2805.1862499999997,561037.25,44.9024568323324,41665.99999999996
397,17,29,2805.1862499999997,561037.25,44.9024568323324,41665.99999999996
398,17,30,2805.1862499999997,561037.25,44.9024568323324,41665.99999999996
399,17,31,2805.1862499999997,561037.25,44.9024568323324,41665.99999999996
400,17,32,2805.1862499999997,561037.25,44.9024568323324,41665.99999999996
401,17,33,2805.1862499999997,561037.25,44.9024568323324,41665.99999999996
402,17,34,2805.1862499999997,561037.25,44.9024568323324,41665.99999999996
403,17,35,2805.1862499999997,561037.25,44.9024568323324,41665.99999999996
404,17,36,2805.1862499999997,561037.25,44.9024568323324,41665.99999999996
405,17,37,2805.1862499999997,561037.25,44.9024568323324,41665.99999999996
406,17,38,2805.1862499999997,561037.25,44.9024568323324,41665.99999999996
407,17,39,2805.1862499999997,561037.25,44.9024568323324,41665.99999999996
408,18,6,2749.7162500000004,549943.25,46.2398108946436,41665.99999999994
409,18,7,2749.7162500000004,549943.25,46.2398108946436,41665.99999999994
410,18,8,2749.7162500000004,549943.25,46.2398108946436,41665.99999999994
411,18,9,2749.7162500000004,549943.25,46.2398108946436,41665.99999999994
412,18,10,2749.7162500000004,549943.25,46.2398108946436,41665.99999999994
413,18,11,2749.7162500000004,549943.25,46.2398108946436,41665.99999999994
414,18,12,2749.7162500000004,549943.25,46.2398108946436,41665.99999999994
415,18,13,2749.7162500000004,549943.25,46.2398108946436,41665.99999999994
416,18,14,2749.7162500000004,549943.25,46.2398108946436,41665.99999999994
417,18,15,2749.7162500000004,549943.25,46.2398108946436,41665.99999999994
418,18,16,2749.7162500000004,549943.25,46.2398108946436,41665.99999999994
419,18,17,2749.7162500000004,549943.25,46.2398108946436,41665.99999999994
420,18,18,2749.7162500000004,549943.25,46.2398108946436,41665.99999999994
421,18,19,2749.7162500000004,549943.25,46.2398108946436,41665.99999999994
422,18,20,2749.7162500000004,549943.25,46.2398108946436,41665.99999999994
423,18,21,2749.7162500000004,549943.25,46.2398108946436,41665.99999999994
424,18,22,2749.7162500000004,549943.25,46.2398108946436,41665.99999999994
425,18,23,2749.7162500000004,549943.25,46.2398108946436,41665.99999999994
426,18,24,2749.7162500000004,549943.25,46.2398108946436,41665.99999999994
427,18,25,2749.7162500000004,549943.25,46.2398108946436,41665.99999999994
428,18,26,2749.7162500000004,549943.25,46.2398108946436,41665.99999999994
429,18,27,2749.7162500000004,549943.25,46.2398108946436,41665.99999999994
430,18,28,2749.7162500000004,549943.25,46.2398108946436,41665.99999999994
431,18,29,2749.7162500000004,549943.25,46.2398108946436,41665.99999999994
432,18,30,2749.7162500000004,549943.25,46.2398108946436,41665.99999999994
433,18,31,2749.7162500000004,549943.25,46.2398108946436,41665.99999999994
434,18,32,2749.7162500000004,549943.25,46.2398108946436,41665.99999999994
435,18,33,2749.7162500000004,549943.25,46.2398108946436,41665.99999999994
436,18,34,2749.7162500000004,549943.25,46.2398108946436,41665.99999999994
437,18,35,2749.7162500000004,549943.25,46.2398108946436,41665.99999999994
438,18,36,2749.7162500000004,549943.25,46.2398108946436,41665.99999999994
439,18,37,2749.7162500000004,549943.25,46.2398108946436,41665.99999999994
440,18,38,2749.7162500000004,549943.25,46.2398108946436,41665.99999999994
441,18,39,2749.7162500000004,549943.25,46.2398108946436,41665.99999999994
442,19,6,2703.5699999999997,540714.0,46.30585952239766,42950.99999999997
443,19,7,2703.5699999999997,540714.0,46.30585952239766,42950.99999999997
444,19,8,2703.5699999999997,540714.0,46.30585952239766,42950.99999999997
445,19,9,2703.5699999999997,540714.0,46.30585952239766,42950.99999999997
446,19,10,2703.5699999999997,540714.0,46.30585952239766,42950.99999999997
447,19,11,2703.5699999999997,540714.0,46.30585952239766,42950.99999999997
448,19,12,2703.5699999999997,540714.0,46.30585952239766,42950.99999999997
449,19,13,2703.5699999999997,540714.0,46.30585952239766,42950.99999999997
450,19,14,2703.5699999999997,540714.0,46.30585952239766,42950.99999999997
451,19,15,2703.5699999999997,540714.0,46.30585952239766,42950.99999999997
452,19,16,2703.5699999999997,540714.0,46.30585952239766,42950.99999999997
453,19,17,2703.5699999999997,540714.0,46.30585952239766,42950.99999999997
454,19,18,2703.5699999999997,540714.0,46.30585952239766,42950.99999999997
455,19,19,2703.5699999999997,540714.0,46.30585952239766,42950.99999999997
456,19,20,2703.5699999999997,540714.0,46.30585952239766,42950.99999999997
457,19,21,2703.5699999999997,540714.0,46.30585952239766,42950.99999999997
458,19,22,2703.5699999999997,540714.0,46.30585952239766,42950.99999999997
459,19,23,2703.5699999999997,540714.0,46.30585952239766,42950.99999999997
460,19,24,2703.5699999999997,540714.0,46.30585952239766,42950.99999999997
461,19,25,2703.5699999999997,540714.0,46.30585952239766,42950.99999999997
462,19,26,2703.5699999999997,540714.0,46.30585952239766,42950.99999999997
463,19,27,2703.5699999999997,540714.0,46.30585952239766,42950.99999999997
464,19,28,2703.5699999999997,540714.0,46.30585952239766,42950.99999999997
465,19,29,2703.5699999999997,540714.0,46.30585952239766,42950.99999999997
466,19,30,2703.5699999999997,540714.0,46.30585952239766,42950.99999999997
467,19,31,2703.5699999999997,540714.0,46.30585952239766,42950.99999999997
468,19,32,2703.5699999999997,540714.0,46.30585952239766,42950.99999999997
469,19,33,2703.5699999999997,540714.0,46.30585952239766,42950.99999999997
470,19,34,2703.5699999999997,540714.0,46.30585952239766,42950.99999999997
471,19,35,2703.5699999999997,540714.0,46.30585952239766,42950.99999999997
472,19,36,2703.5699999999997,540714.0,46.30585952239766,42950.99999999997
473,19,37,2703.5699999999997,540714.0,46.30585952239766,42950.99999999997
474,19,38,2703.5699999999997,540714.0,46.30585952239766,42950.99999999997
475,19,39,2703.5699999999997,540714.0,46.30585952239766,42950.99999999997
476,20,6,2699.8125000000005,539962.5,47.934932390515364,43656.5
477,20,7,2699.8125000000005,539962.5,47.934932390515364,43656.5
478,20,8,2699.8125000000005,539962.5,47.934932390515364,43656.5
479,20,9,2699.8125000000005,539962.5,47.934932390515364,43656.5
480,20,10,2699.8125000000005,539962.5,47.934932390515364,43656.5
481,20,11,2699.8125000000005,539962.5,47.934932390515364,43656.5
482,20,12,2699.8125000000005,539962.5,47.934932390515364,43656.5
483,20,13,2699.8125000000005,539962.5,47.934932390515364,43656.5
484,20,14,2699.8125000000005,539962.5,47.934932390515364,43656.5
485,20,15,2699.8125000000005,539962.5,47.934932390515364,43656.5
486,20,16,2699.8125000000005,539962.5,47.934932390515364,43656.5
487,20,17,2699.8125000000005,539962.5,47.934932390515364,43656.5
488,20,18,2699.8125000000005,539962.5,47.934932390515364,43656.5
489,20,19,2699.8125000000005,539962.5,47.934932390515364,43656.5
490,20,20,2699.8125000000005,539962.5,47.934932390515364,43656.5
491,20,21,2699.8125000000005,539962.5,47.934932390515364,43656.5
492,20,22,2699.8125000000005,539962.5,47.934932390515364,43656.5
493,20,23,2699.8125000000005,539962.5,47.934932390515364,43656.5
494,20,24,2699.8125000000005,539962.5,47.934932390515364,43656.5
495,20,25,2699.8125000000005,539962.5,47.934932390515364,43656.5
496,20,26,2699.8125000000005,539962.5,47.934932390515364,43656.5
497,20,27,2699.8125000000005,539962.5,47.934932390515364,43656.5
498,20,28,2699.8125000000005,539962.5,47.934932390515364,43656.5
499,20,29,2699.8125000000005,539962.5,47.934932390515364,43656.5
500,20,30,2699.8125000000005,539962.5,47.934932390515364,43656.5
501,20,31,2699.8125000000005,539962.5,47.934932390515364,43656.5
502,20,32,2699.8125000000005,539962.5,47.934932390515364,43656.5
503,20,33,2699.8125000000005,539962.5,47.934932390515364,43656.5
504,20,34,2699.8125000000005,539962.5,47.934932390515364,43656.5
505,20,35,2699.8125000000005,539962.5,47.934932390515364,43656.5
506,20,36,2699.8125000000005,539962.5,47.934932390515364,43656.5
507,20,37,2699.8125000000005,539962.5,47.934932390515364,43656.5
508,20,38,2699.8125000000005,539962.5,47.934932390515364,43656.5
509,20,39,2699.8125000000005,539962.5,47.934932390515364,43656.5
510,21,6,2753.69125,550738.25,43.07089354064791,41156.4999999999
511,21,7,2753.69125,550738.25,43.07089354064791,41156.4999999999
512,21,8,2753.69125,550738.25,43.07089354064791,41156.4999999999
513,21,9,2753.69125,550738.25,43.07089354064791,41156.4999999999
514,21,10,2753.69125,550738.25,43.07089354064791,41156.4999999999
515,21,11,2753.69125,550738.25,43.07089354064791,41156.4999999999
516,21,12,2753.69125,550738.25,43.07089354064791,41156.4999999999
517,21,13,2753.69125,550738.25,43.07089354064791,41156.4999999999
518,21,14,2753.69125,550738.25,43.07089354064791,41156.4999999999
519,21,15,2753.69125,550738.25,43.07089354064791,41156.4999999999
520,21,16,2753.69125,550738.25,43.07089354064791,41156.4999999999
521,21,17,2753.69125,550738.25,43.07089354064791,41156.4999999999
522,21,18,2753.69125,550738.25,43.07089354064791,41156.4999999999
523,21,19,2753.69125,550738.25,43.07089354064791,41156.4999999999
524,21,20,2753.69125,550738.25,43.07089354064791,41156.4999999999
525,21,21,2753.69125,550738.25,43.07089354064791,41156.4999999999
526,21,22,2753.69125,550738.25,43.07089354064791,41156.4999999999
527,21,23,2753.69125,550738.25,43.07089354064791,41156.4999999999
528,21,24,2753.69125,550738.25,43.07089354064791,41156.4999999999
529,21,25,2753.69125,550738.25,43.07089354064791,41156.4999999999
530,21,26,2753.69125,550738.25,43.07089354064791,41156.4999999999
531,21,27,2753.69125,550738.25,43.07089354064791,41156.4999999999
532,21,28,2753.69125,550738.25,43.07089354064791,41156.4999999999
533,21,29,2753.69125,550738.25,43.07089354064791,41156.4999999999
534,21,30,2753.69125,550738.25,43.07089354064791,41156.4999999999
535,21,31,2753.69125,550738.25,43.07089354064791,41156.4999999999
536,21,32,2753.69125,550738.25,43.07089354064791,41156.4999999999
537,21,33,2753.69125,550738.25,43.07089354064791,41156.4999999999
538,21,34,2753.69125,550738.25,43.07089354064791,41156.4999999999
539,21,35,2753.69125,550738.25,43.07089354064791,41156.4999999999
540,21,36,2753.69125,550738.25,43.07089354064791,41156.4999999999
541,21,37,2753.69125,550738.25,43.07089354064791,41156.4999999999
542,21,38,2753.69125,550738.25,43.07089354064791,41156.4999999999
543,21,39,2753.69125,550738.25,43.07089354064791,41156.4999999999
544,22,6,2736.63,547326.0,42.42019768916004,41156.49999999997
545,22,7,2736.63,547326.0,42.42019768916004,41156.49999999997
546,22,8,2736.63,547326.0,42.42019768916004,41156.49999999997
547,22,9,2736.63,547326.0,42.42019768916004,41156.49999999997
548,22,10,2736.63,547326.0,42.42019768916004,41156.49999999997
549,22,11,2736.63,547326.0,42.42019768916004,41156.49999999997
550,22,12,2736.63,547326.0,42.42019768916004,41156.49999999997
551,22,13,2736.63,547326.0,42.42019768916004,41156.49999999997
552,22,14,2736.63,547326.0,42.42019768916004,41156.49999999997
553,22,15,2736.63,547326.0,42.42019768916004,41156.49999999997
554,22,16,2736.63,547326.0,42.42019768916004,41156.49999999997
555,22,17,2736.63,547326.0,42.42019768916004,41156.49999999997
556,22,18,2736.63,547326.0,42.42019768916004,41156.49999999997
557,22,19,2736.63,547326.0,42.42019768916004,41156.49999999997
558,22,20,2736.63,547326.0,42.42019768916004,41156.49999999997
559,22,21,2736.63,547326.0,42.42019768916004,41156.49999999997
560,22,22,2736.63,547326.0,42.42019768916004,41156.49999999997
561,22,23,2736.63,547326.0,42.42019768916004,41156.49999999997
562,22,24,2736.63,547326.0,42.42019768916004,41156.49999999997
563,22,25,2736.63,547326.0,42.42019768916004,41156.49999999997
564,22,26,2736.63,547326.0,42.42019768916004,41156.49999999997
565,22,27,2736.63,547326.0,42.42019768916004,41156.49999999997
566,22,28,2736.63,547326.0,42.42019768916004,41156.49999999997
567,22,29,2736.63,547326.0,42.42019768916004,41156.49999999997
568,22,30,2736.63,547326.0,42.42019768916004,41156.49999999997
569,22,31,2736.63,547326.0,42.42019768916004,41156.49999999997
570,22,32,2736.63,547326.0,42.42019768916004,41156.49999999997
571,22,33,2736.63,547326.0,42.42019768916004,41156.49999999997
572,22,34,2736.63,547326.0,42.42019768916004,41156.49999999997
573,22,35,2736.63,547326.0,42.42019768916004,41156.49999999997
574,22,36,2736.63,547326.0,42.42019768916004,41156.49999999997
575,22,37,2736.63,547326.0,42.42019768916004,41156.49999999997
576,22,38,2736.63,547326.0,42.42019768916004,41156.49999999997
577,22,39,2736.63,547326.0,42.42019768916004,41156.49999999997
578,23,6,2767.1912500000003,553438.25,43.11861245999186,41156.499999999935
579,23,7,2767.1912500000003,553438.25,43.11861245999186,41156.499999999935
580,23,8,2767.1912500000003,553438.25,43.11861245999186,41156.499999999935
581,23,9,2767.1912500000003,553438.25,43.11861245999186,41156.499999999935
582,23,10,2767.1912500000003,553438.25,43.11861245999186,41156.499999999935
583,23,11,2767.1912500000003,553438.25,43.11861245999186,41156.499999999935
584,23,12,2767.1912500000003,553438.25,43.11861245999186,41156.499999999935
585,23,13,2767.1912500000003,553438.25,43.11861245999186,41156.499999999935
586,23,14,2767.1912500000003,553438.25,43.11861245999186,41156.499999999935
587,23,15,2767.1912500000003,553438.25,43.11861245999186,41156.499999999935
588,23,16,2767.1912500000003,553438.25,43.11861245999186,41156.499999999935
589,23,17,2767.1912500000003,553438.25,43.11861245999186,41156.499999999935
590,23,18,2767.1912500000003,553438.25,43.11861245999186,41156.499999999935
591,23,19,2767.1912500000003,553438.25,43.11861245999186,41156.499999999935
592,23,20,2767.1912500000003,553438.25,43.11861245999186,41156.499999999935
593,23,21,2767.1912500000003,553438.25,43.11861245999186,41156.499999999935
594,23,22,2767.1912500000003,553438.25,43.11861245999186,41156.499999999935
595,23,23,2767.1912500000003,553438.25,43.11861245999186,41156.499999999935
596,23,24,2767.1912500000003,553438.25,43.11861245999186,41156.499999999935
597,23,25,2767.1912500000003,553438.25,43.11861245999186,41156.499999999935
598,23,26,2767.1912500000003,553438.25,43.11861245999186,41156.499999999935
599,23,27,2767.1912500000003,553438.25,43.11861245999186,41156.499999999935
600,23,28,2767.1912500000003,553438.25,43.11861245999186,41156.499999999935
601,23,29,2767.1912500000003,553438.25,43.11861245999186,41156.499999999935
602,23,30,2767.1912500000003,553438.25,43.11861245999186,41156.499999999935
603,23,31,2767.1912500000003,553438.25,43.11861245999186,41156.499999999935
604,23,32,2767.1912500000003,553438.25,43.11861245999186,41156.499999999935
605,23,33,2767.1912500000003,553438.25,43.11861245999186,41156.499999999935
606,23,34,2767.1912500000003,553438.25,43.11861245999186,41156.499999999935
607,23,35,2767.1912500000003,553438.25,43.11861245999186,41156.499999999935
608,23,36,2767.1912500000003,553438.25,43.11861245999186,41156.499999999935
609,23,37,2767.1912500000003,553438.25,43.11861245999186,41156.499999999935
610,23,38,2767.1912500000003,553438.25,43.11861245999186,41156.499999999935
611,23,39,2767.1912500000003,553438.25,43.11861245999186,41156.499999999935
612,24,6,2789.985,557997.0,43.35768921890016,41166.500000000124
613,24,7,2789.985,557997.0,43.35768921890016,41166.500000000124
614,24,8,2789.985,557997.0,43.35768921890016,41166.500000000124
615,24,9,2789.985,557997.0,43.35768921890016,41166.500000000124
616,24,10,2789.985,557997.0,43.35768921890016,41166.500000000124
617,24,11,2789.985,557997.0,43.35768921890016,41166.500000000124
618,24,12,2789.985,557997.0,43.35768921890016,41166.500000000124
619,24,13,2789.985,557997.0,43.35768921890016,41166.500000000124
620,24,14,2789.985,557997.0,43.35768921890016,41166.500000000124
621,24,15,2789.985,557997.0,43.35768921890016,41166.500000000124
622,24,16,2789.985,557997.0,43.35768921890016,41166.500000000124
623,24,17,2789.985,557997.0,43.35768921890016,41166.500000000124
624,24,18,2789.985,557997.0,43.35768921890016,41166.500000000124
625,24,19,2789.985,557997.0,43.35768921890016,41166.500000000124
626,24,20,2789.985,557997.0,43.35768921890016,41166.500000000124
627,24,21,2789.985,557997.0,43.35768921890016,41166.500000000124
628,24,22,2789.985,557997.0,43.35768921890016,41166.500000000124
629,24,23,2789.985,557997.0,43.35768921890016,41166.500000000124
630,24,24,2789.985,557997.0,43.35768921890016,41166.500000000124
631,24,25,2789.985,557997.0,43.35768921890016,41166.500000000124
632,24,26,2789.985,557997.0,43.35768921890016,41166.500000000124
633,24,27,2789.985,557997.0,43.35768921890016,41166.500000000124
634,24,28,2789.985,557997.0,43.35768921890016,41166.500000000124
635,24,29,2789.985,557997.0,43.35768921890016,41166.500000000124
636,24,30,2789.985,557997.0,43.35768921890016,41166.500000000124
637,24,31,2789.985,557997.0,43.35768921890016,41166.500000000124
638,24,32,2789.985,557997.0,43.35768921890016,41166.500000000124
639,24,33,2789.985,557997.0,43.35768921890016,41166.500000000124
640,24,34,2789.985,557997.0,43.35768921890016,41166.500000000124
641,24,35,2789.985,557997.0,43.35768921890016,41166.500000000124
642,24,36,2789.985,557997.0,43.35768921890016,41166.500000000124
643,24,37,2789.985,557997.0,43.35768921890016,41166.500000000124
644,24,38,2789.985,557997.0,43.35768921890016,41166.500000000124
645,24,39,2789.985,557997.0,43.35768921890016,41166.500000000124
646,25,6,2680.95875,536191.75,57.68862510148658,51514.49999999986
647,25,7,2680.95875,536191.75,57.68862510148658,51514.49999999986
648,25,8,2680.95875,536191.75,57.68862510148658,51514.49999999986
649,25,9,2680.95875,536191.75,57.68862510148658,51514.49999999986
650,25,10,2680.95875,536191.75,57.68862510148658,51514.49999999986
651,25,11,2680.95875,536191.75,57.68862510148658,51514.49999999986
652,25,12,2680.95875,536191.75,57.68862510148658,51514.49999999986
653,25,13,2680.95875,536191.75,57.68862510148658,51514.49999999986
654,25,14,2680.95875,536191.75,57.68862510148658,51514.49999999986
655,25,15,2680.95875,536191.75,57.68862510148658,51514.49999999986
656,25,16,2680.95875,536191.75,57.68862510148658,51514.49999999986
657,25,17,2680.95875,536191.75,57.68862510148658,51514.49999999986
658,25,18,2680.95875,536191.75,57.68862510148658,51514.49999999986
659,25,19,2680.95875,536191.75,57.68862510148658,51514.49999999986
660,25,20,2680.95875,536191.75,57.68862510148658,51514.49999999986
661,25,21,2680.95875,536191.75,57.68862510148658,51514.49999999986
662,25,22,2680.95875,536191.75,57.68862510148658,51514.49999999986
663,25,23,2680.95875,536191.75,57.68862510148658,51514.49999999986
664,25,24,2680.95875,536191.75,57.68862510148658,51514.49999999986
665,25,25,2680.95875,536191.75,57.68862510148658,51514.49999999986
666,25,26,2680.95875,536191.75,57.68862510148658,51514.49999999986
667,25,27,2680.95875,536191.75,57.68862510148658,51514.49999999986
668,25,28,2680.95875,536191.75,57.68862510148658,51514.49999999986
669,25,29,2680.95875,536191.75,57.68862510148658,51514.49999999986
670,25,30,2680.95875,536191.75,57.68862510148658,51514.49999999986
671,25,31,2680.95875,536191.75,57.68862510148658,51514.49999999986
672,25,32,2680.95875,536191.75,57.68862510148658,51514.49999999986
673,25,33,2680.95875,536191.75,57.68862510148658,51514.49999999986
674,25,34,2680.95875,536191.75,57.68862510148658,51514.49999999986
675,25,35,2680.95875,536191.75,57.68862510148658,51514.49999999986
676,25,36,2680.95875,536191.75,57.68862510148658,51514.49999999986
677,25,37,2680.95875,536191.75,57.68862510148658,51514.49999999986
678,25,38,2680.95875,536191.75,57.68862510148658,51514.49999999986
679,25,39,2680.95875,536191.75,57.68862510148658,51514.49999999986
680,26,6,2645.705,529141.0,59.13271557995442,51514.4999999998
681,26,7,2645.705,529141.0,59.13271557995442,51514.4999999998
682,26,8,2645.705,529141.0,59.13271557995442,51514.4999999998
683,26,9,2645.705,529141.0,59.13271557995442,51514.4999999998
684,26,10,2645.705,529141.0,59.13271557995442,51514.4999999998
685,26,11,2645.705,529141.0,59.13271557995442,51514.4999999998
686,26,12,2645.705,529141.0,59.13271557995442,51514.4999999998
687,26,13,2645.705,529141.0,59.13271557995442,51514.4999999998
688,26,14,2645.705,529141.0,59.13271557995442,51514.4999999998
689,26,15,2645.705,529141.0,59.13271557995442,51514.4999999998
690,26,16,2645.705,529141.0,59.13271557995442,51514.4999999998
691,26,17,2645.705,529141.0,59.13271557995442,51514.4999999998
692,26,18,2645.705,529141.0,59.13271557995442,51514.4999999998
693,26,19,2645.705,529141.0,59.13271557995442,51514.4999999998
694,26,20,2645.705,529141.0,59.13271557995442,51514.4999999998
695,26,21,2645.705,529141.0,59.13271557995442,51514.4999999998
696,26,22,2645.705,529141.0,59.13271557995442,51514.4999999998
697,26,23,2645.705,529141.0,59.13271557995442,51514.4999999998
698,26,24,2645.705,529141.0,59.13271557995442,51514.4999999998
699,26,25,2645.705,529141.0,59.13271557995442,51514.4999999998
700,26,26,2645.705,529141.0,59.13271557995442,51514.4999999998
701,26,27,2645.705,529141.0,59.13271557995442,51514.4999999998
702,26,28,2645.705,529141.0,59.13271557995442,51514.4999999998
703,26,29,2645.705,529141.0,59.13271557995442,51514.4999999998
704,26,30,2645.705,529141.0,59.13271557995442,51514.4999999998
705,26,31,2645.705,529141.0,59.13271557995442,51514.4999999998
706,26,32,2645.705,529141.0,59.13271557995442,51514.4999999998
707,26,33,2645.705,529141.0,59.13271557995442,51514.4999999998
708,26,34,2645.705,529141.0,59.13271557995442,51514.4999999998
709,26,35,2645.705,529141.0,59.13271557995442,51514.4999999998
710,26,36,2645.705,529141.0,59.13271557995442,51514.4999999998
711,26,37,2645.705,529141.0,59.13271557995442,51514.4999999998
712,26,38,2645.705,529141.0,59.13271557995442,51514.4999999998
713,26,39,2645.705,529141.0,59.13271557995442,51514.4999999998
714,27,6,2623.8087499999997,524761.75,60.58925578523322,51514.49999999992
715,27,7,2623.8087499999997,524761.75,60.58925578523322,51514.49999999992
716,27,8,2623.8087499999997,524761.75,60.58925578523322,51514.49999999992
717,27,9,2623.8087499999997,524761.75,60.58925578523322,51514.49999999992
718,27,10,2623.8087499999997,524761.75,60.58925578523322,51514.49999999992
719,27,11,2623.8087499999997,524761.75,60.58925578523322,51514.49999999992
720,27,12,2623.8087499999997,524761.75,60.58925578523322,51514.49999999992
721,27,13,2623.8087499999997,524761.75,60.58925578523322,51514.49999999992
722,27,14,2623.8087499999997,524761.75,60.58925578523322,51514.49999999992
723,27,15,2623.8087499999997,524761.75,60.58925578523322,51514.49999999992
724,27,16,2623.8087499999997,524761.75,60.58925578523322,51514.49999999992
725,27,17,2623.8087499999997,524761.75,60.58925578523322,51514.49999999992
726,27,18,2623.8087499999997,524761.75,60.58925578523322,51514.49999999992
727,27,19,2623.8087499999997,524761.75,60.58925578523322,51514.49999999992
728,27,20,2623.8087499999997,524761.75,60.58925578523322,51514.49999999992
729,27,21,2623.8087499999997,524761.75,60.58925578523322,51514.49999999992
730,27,22,2623.8087499999997,524761.75,60.58925578523322,51514.49999999992
731,27,23,2623.8087499999997,524761.75,60.58925578523322,51514.49999999992
732,27,24,2623.8087499999997,524761.75,60.58925578523322,51514.49999999992
733,27,25,2623.8087499999997,524761.75,60.58925578523322,51514.49999999992
734,27,26,2623.8087499999997,524761.75,60.58925578523322,51514.49999999992
735,27,27,2623.8087499999997,524761.75,60.58925578523322,51514.49999999992
736,27,28,2623.8087499999997,524761.75,60.58925578523322,51514.49999999992
737,27,29,2623.8087499999997,524761.75,60.58925578523322,51514.49999999992
738,27,30,2623.8087499999997,524761.75,60.58925578523322,51514.49999999992
739,27,31,2623.8087499999997,524761.75,60.58925578523322,51514.49999999992
740,27,32,2623.8087499999997,524761.75,60.58925578523322,51514.49999999992
741,27,33,2623.8087499999997,524761.75,60.58925578523322,51514.49999999992
742,27,34,2623.8087499999997,524761.75,60.58925578523322,51514.49999999992
743,27,35,2623.8087499999997,524761.75,60.58925578523322,51514.49999999992
744,27,36,2623.8087499999997,524761.75,60.58925578523322,51514.49999999992
745,27,37,2623.8087499999997,524761.75,60.58925578523322,51514.49999999992
746,27,38,2623.8087499999997,524761.75,60.58925578523322,51514.49999999992
747,27,39,2623.8087499999997,524761.75,60.58925578523322,51514.49999999992
748,28,6,2588.6187500000005,517723.75,65.23341289991697,51514.49999999995
749,28,7,2588.6187500000005,517723.75,65.23341289991697,51514.49999999995
750,28,8,2588.6187500000005,517723.75,65.23341289991697,51514.49999999995
751,28,9,2588.6187500000005,517723.75,65.23341289991697,51514.49999999995
752,28,10,2588.6187500000005,517723.75,65.23341289991697,51514.49999999995
753,28,11,2588.6187500000005,517723.75,65.23341289991697,51514.49999999995
754,28,12,2588.6187500000005,517723.75,65.23341289991697,51514.49999999995
755,28,13,2588.6187500000005,517723.75,65.23341289991697,51514.49999999995
756,28,14,2588.6187500000005,517723.75,65.23341289991697,51514.49999999995
757,28,15,2588.6187500000005,517723.75,65.23341289991697,51514.49999999995
758,28,16,2588.6187500000005,517723.75,65.23341289991697,51514.49999999995
759,28,17,2588.6187500000005,517723.75,65.23341289991697,51514.49999999995
760,28,18,2588.6187500000005,517723.75,65.23341289991697,51514.49999999995
761,28,19,2588.6187500000005,517723.75,65.23341289991697,51514.49999999995
762,28,20,2588.6187500000005,517723.75,65.23341289991697,51514.49999999995
763,28,21,2588.6187500000005,517723.75,65.23341289991697,51514.49999999995
764,28,22,2588.6187500000005,517723.75,65.23341289991697,51514.49999999995
765,28,23,2588.6187500000005,517723.75,65.23341289991697,51514.49999999995
766,28,24,2588.6187500000005,517723.75,65.23341289991697,51514.49999999995
767,28,25,2588.6187500000005,517723.75,65.23341289991697,51514.49999999995
768,28,26,2588.6187500000005,517723.75,65.23341289991697,51514.49999999995
769,28,27,2588.6187500000005,517723.75,65.23341289991697,51514.49999999995
770,28,28,2588.6187500000005,517723.75,65.23341289991697,51514.49999999995
771,28,29,2588.6187500000005,517723.75,65.23341289991697,51514.49999999995
772,28,30,2588.6187500000005,517723.75,65.23341289991697,51514.49999999995
773,28,31,2588.6187500000005,517723.75,65.23341289991697,51514.49999999995
774,28,32,2588.6187500000005,517723.75,65.23341289991697,51514.49999999995
775,28,33,2588.6187500000005,517723.75,65.23341289991697,51514.49999999995
776,28,34,2588.6187500000005,517723.75,65.23341289991697,51514.49999999995
777,28,35,2588.6187500000005,517723.75,65.23341289991697,51514.49999999995
778,28,36,2588.6187500000005,517723.75,65.23341289991697,51514.49999999995
779,28,37,2588.6187500000005,517723.75,65.23341289991697,51514.49999999995
780,28,38,2588.6187500000005,517723.75,65.23341289991697,51514.49999999995
781,28,39,2588.6187500000005,517723.75,65.23341289991697,51514.49999999995
782,29,6,2588.43625,517687.25,62.12779044104337,51514.49999999993
783,29,7,2588.43625,517687.25,62.12779044104337,51514.49999999993
784,29,8,2588.43625,517687.25,62.12779044104337,51514.49999999993
785,29,9,2588.43625,517687.25,62.12779044104337,51514.49999999993
786,29,10,2588.43625,517687.25,62.12779044104337,51514.49999999993
787,29,11,2588.43625,517687.25,62.12779044104337,51514.49999999993
788,29,12,2588.43625,517687.25,62.12779044104337,51514.49999999993
789,29,13,2588.43625,517687.25,62.12779044104337,51514.49999999993
790,29,14,2588.43625,517687.25,62.12779044104337,51514.49999999993
791,29,15,2588.43625,517687.25,62.12779044104337,51514.49999999993
792,29,16,2588.43625,517687.25,62.12779044104337,51514.49999999993
793,29,17,2588.43625,517687.25,62.12779044104337,51514.49999999993
794,29,18,2588.43625,517687.25,62.12779044104337,51514.49999999993
795,29,19,2588.43625,517687.25,62.12779044104337,51514.49999999993
796,29,20,2588.43625,517687.25,62.12779044104337,51514.49999999993
797,29,21,2588.43625,517687.25,62.12779044104337,51514.49999999993
798,29,22,2588.43625,517687.25,62.12779044104337,51514.49999999993
799,29,23,2588.43625,517687.25,62.12779044104337,51514.49999999993
800,29,24,2588.43625,517687.25,62.12779044104337,51514.49999999993
801,29,25,2588.43625,517687.25,62.12779044104337,51514.49999999993
802,29,26,2588.43625,517687.25,62.12779044104337,51514.49999999993
803,29,27,2588.43625,517687.25,62.12779044104337,51514.49999999993
804,29,28,2588.43625,517687.25,62.12779044104337,51514.49999999993
805,29,29,2588.43625,517687.25,62.12779044104337,51514.49999999993
806,29,30,2588.43625,517687.25,62.12779044104337,51514.49999999993
807,29,31,2588.43625,517687.25,62.12779044104337,51514.49999999993
808,29,32,2588.43625,517687.25,62.12779044104337,51514.49999999993
809,29,33,2588.43625,517687.25,62.12779044104337,51514.49999999993
810,29,34,2588.43625,517687.25,62.12779044104337,51514.49999999993
811,29,35,2588.43625,517687.25,62.12779044104337,51514.49999999993
812,29,36,2588.43625,517687.25,62.12779044104337,51514.49999999993
813,29,37,2588.43625,517687.25,62.12779044104337,51514.49999999993
814,29,38,2588.43625,517687.25,62.12779044104337,51514.49999999993
815,29,39,2588.43625,517687.25,62.12779044104337,51514.49999999993
816,30,6,2610.5175000000004,522103.5,59.14867110826608,51514.50000000001
817,30,7,2610.5175000000004,522103.5,59.14867110826608,51514.50000000001
818,30,8,2610.5175000000004,522103.5,59.14867110826608,51514.50000000001
819,30,9,2610.5175000000004,522103.5,59.14867110826608,51514.50000000001
820,30,10,2610.5175000000004,522103.5,59.14867110826608,51514.50000000001
821,30,11,2610.5175000000004,522103.5,59.14867110826608,51514.50000000001
822,30,12,2610.5175000000004,522103.5,59.14867110826608,51514.50000000001
823,30,13,2610.5175000000004,522103.5,59.14867110826608,51514.50000000001
824,30,14,2610.5175000000004,522103.5,59.14867110826608,51514.50000000001
825,30,15,2610.5175000000004,522103.5,59.14867110826608,51514.50000000001
826,30,16,2610.5175000000004,522103.5,59.14867110826608,51514.50000000001
827,30,17,2610.5175000000004,522103.5,59.14867110826608,51514.50000000001
828,30,18,2610.5175000000004,522103.5,59.14867110826608,51514.50000000001
829,30,19,2610.5175000000004,522103.5,59.14867110826608,51514.50000000001
830,30,20,2610.5175000000004,522103.5,59.14867110826608,51514.50000000001
831,30,21,2610.5175000000004,522103.5,59.14867110826608,51514.50000000001
832,30,22,2610.5175000000004,522103.5,59.14867110826608,51514.50000000001
833,30,23,2610.5175000000004,522103.5,59.14867110826608,51514.50000000001
834,30,24,2610.5175000000004,522103.5,59.14867110826608,51514.50000000001
835,30,25,2610.5175000000004,522103.5,59.14867110826608,51514.50000000001
836,30,26,2610.5175000000004,522103.5,59.14867110826608,51514.50000000001
837,30,27,2610.5175000000004,522103.5,59.14867110826608,51514.50000000001
838,30,28,2610.5175000000004,522103.5,59.14867110826608,51514.50000000001
839,30,29,2610.5175000000004,522103.5,59.14867110826608,51514.50000000001
840,30,30,2610.5175000000004,522103.5,59.14867110826608,51514.50000000001
841,30,31,2610.5175000000004,522103.5,59.14867110826608,51514.50000000001
842,30,32,2610.5175000000004,522103.5,59.14867110826608,51514.50000000001
843,30,33,2610.5175000000004,522103.5,59.14867110826608,51514.50000000001
844,30,34,2610.5175000000004,522103.5,59.14867110826608,51514.50000000001
845,30,35,2610.5175000000004,522103.5,59.14867110826608,51514.50000000001
846,30,36,2610.5175000000004,522103.5,59.14867110826608,51514.50000000001
847,30,37,2610.5175000000004,522103.5,59.14867110826608,51514.50000000001
848,30,38,2610.5175000000004,522103.5,59.14867110826608,51514.50000000001
849,30,39,2610.5175000000004,522103.5,59.14867110826608,51514.50000000001
850,31,6,2568.28875,513657.75,61.65844206614047,54414.49999999987
851,31,7,2568.28875,513657.75,61.65844206614047,54414.49999999987
852,31,8,2568.28875,513657.75,61.65844206614047,54414.49999999987
853,31,9,2568.28875,513657.75,61.65844206614047,54414.49999999987
854,31,10,2568.28875,513657.75,61.65844206614047,54414.49999999987
855,31,11,2568.28875,513657.75,61.65844206614047,54414.49999999987
856,31,12,2568.28875,513657.75,61.65844206614047,54414.49999999987
857,31,13,2568.28875,513657.75,61.65844206614047,54414.49999999987
858,31,14,2568.28875,513657.75,61.65844206614047,54414.49999999987
859,31,15,2568.28875,513657.75,61.65844206614047,54414.49999999987
860,31,16,2568.28875,513657.75,61.65844206614047,54414.49999999987
861,31,17,2568.28875,513657.75,61.65844206614047,54414.49999999987
862,31,18,2568.28875,513657.75,61.65844206614047,54414.49999999987
863,31,19,2568.28875,513657.75,61.65844206614047,54414.49999999987
864,31,20,2568.28875,513657.75,61.65844206614047,54414.49999999987
865,31,21,2568.28875,513657.75,61.65844206614047,54414.49999999987
866,31,22,2568.28875,513657.75,61.65844206614047,54414.49999999987
867,31,23,2568.28875,513657.75,61.65844206614047,54414.49999999987
868,31,24,2568.28875,513657.75,61.65844206614047,54414.49999999987
869,31,25,2568.28875,513657.75,61.65844206614047,54414.49999999987
870,31,26,2568.28875,513657.75,61.65844206614047,54414.49999999987
871,31,27,2568.28875,513657.75,61.65844206614047,54414.49999999987
872,31,28,2568.28875,513657.75,61.65844206614047,54414.49999999987
873,31,29,2568.28875,513657.75,61.65844206614047,54414.49999999987
874,31,30,2568.28875,513657.75,61.65844206614047,54414.49999999987
875,31,31,2568.28875,513657.75,61.65844206614047,54414.49999999987
876,31,32,2568.28875,513657.75,61.65844206614047,54414.49999999987
877,31,33,2568.28875,513657.75,61.65844206614047,54414.49999999987
878,31,34,2568.28875,513657.75,61.65844206614047,54414.49999999987
879,31,35,2568.28875,513657.75,61.65844206614047,54414.49999999987
880,31,36,2568.28875,513657.75,61.65844206614047,54414.49999999987
881,31,37,2568.28875,513657.75,61.65844206614047,54414.49999999987
882,31,38,2568.28875,513657.75,61.65844206614047,54414.49999999987
883,31,39,2568.28875,513657.75,61.65844206614047,54414.49999999987
884,32,6,2557.8500000000004,511570.0,62.21412993457246,54414.499999999636
885,32,7,2557.8500000000004,511570.0,62.21412993457246,54414.499999999636
886,32,8,2557.8500000000004,511570.0,62.21412993457246,54414.499999999636
887,32,9,2557.8500000000004,511570.0,62.21412993457246,54414.499999999636
888,32,10,2557.8500000000004,511570.0,62.21412993457246,54414.499999999636
889,32,11,2557.8500000000004,511570.0,62.21412993457246,54414.499999999636
890,32,12,2557.8500000000004,511570.0,62.21412993457246,54414.499999999636
891,32,13,2557.8500000000004,511570.0,62.21412993457246,54414.499999999636
892,32,14,2557.8500000000004,511570.0,62.21412993457246,54414.499999999636
893,32,15,2557.8500000000004,511570.0,62.21412993457246,54414.499999999636
894,32,16,2557.8500000000004,511570.0,62.21412993457246,54414.499999999636
895,32,17,2557.8500000000004,511570.0,62.21412993457246,54414.499999999636
896,32,18,2557.8500000000004,511570.0,62.21412993457246,54414.499999999636
897,32,19,2557.8500000000004,511570.0,62.21412993457246,54414.499999999636
898,32,20,2557.8500000000004,511570.0,62.21412993457246,54414.499999999636
899,32,21,2557.8500000000004,511570.0,62.21412993457246,54414.499999999636
900,32,22,2557.8500000000004,511570.0,62.21412993457246,54414.499999999636
901,32,23,2557.8500000000004,511570.0,62.21412993457246,54414.499999999636
902,32,24,2557.8500000000004,511570.0,62.21412993457246,54414.499999999636
903,32,25,2557.8500000000004,511570.0,62.21412993457246,54414.499999999636
904,32,26,2557.8500000000004,511570.0,62.21412993457246,54414.499999999636
905,32,27,2557.8500000000004,511570.0,62.21412993457246,54414.499999999636
906,32,28,2557.8500000000004,511570.0,62.21412993457246,54414.499999999636
907,32,29,2557.8500000000004,511570.0,62.21412993457246,54414.499999999636
908,32,30,2557.8500000000004,511570.0,62.21412993457246,54414.499999999636
909,32,31,2557.8500000000004,511570.0,62.21412993457246,54414.499999999636
910,32,32,2557.8500000000004,511570.0,62.21412993457246,54414.499999999636
911,32,33,2557.8500000000004,511570.0,62.21412993457246,54414.499999999636
912,32,34,2557.8500000000004,511570.0,62.21412993457246,54414.499999999636
913,32,35,2557.8500000000004,511570.0,62.21412993457246,54414.499999999636
914,32,36,2557.8500000000004,511570.0,62.21412993457246,54414.499999999636
915,32,37,2557.8500000000004,511570.0,62.21412993457246,54414.499999999636
916,32,38,2557.8500000000004,511570.0,62.21412993457246,54414.499999999636
917,32,39,2557.8500000000004,511570.0,62.21412993457246,54414.499999999636
918,33,6,2506.7025000000003,501340.5,62.300675221185664,54414.49999999997
919,33,7,2506.7025000000003,501340.5,62.300675221185664,54414.49999999997
920,33,8,2506.7025000000003,501340.5,62.300675221185664,54414.49999999997
921,33,9,2506.7025000000003,501340.5,62.300675221185664,54414.49999999997
922,33,10,2506.7025000000003,501340.5,62.300675221185664,54414.49999999997
923,33,11,2506.7025000000003,501340.5,62.300675221185664,54414.49999999997
924,33,12,2506.7025000000003,501340.5,62.300675221185664,54414.49999999997
925,33,13,2506.7025000000003,501340.5,62.300675221185664,54414.49999999997
926,33,14,2506.7025000000003,501340.5,62.300675221185664,54414.49999999997
927,33,15,2506.7025000000003,501340.5,62.300675221185664,54414.49999999997
928,33,16,2506.7025000000003,501340.5,62.300675221185664,54414.49999999997
929,33,17,2506.7025000000003,501340.5,62.300675221185664,54414.49999999997
930,33,18,2506.7025000000003,501340.5,62.300675221185664,54414.49999999997
931,33,19,2506.7025000000003,501340.5,62.300675221185664,54414.49999999997
932,33,20,2506.7025000000003,501340.5,62.300675221185664,54414.49999999997
933,33,21,2506.7025000000003,501340.5,62.300675221185664,54414.49999999997
934,33,22,2506.7025000000003,501340.5,62.300675221185664,54414.49999999997
935,33,23,2506.7025000000003,501340.5,62.300675221185664,54414.49999999997
936,33,24,2506.7025000000003,501340.5,62.300675221185664,54414.49999999997
937,33,25,2506.7025000000003,501340.5,62.300675221185664,54414.49999999997
938,33,26,2506.7025000000003,501340.5,62.300675221185664,54414.49999999997
939,33,27,2506.7025000000003,501340.5,62.300675221185664,54414.49999999997
940,33,28,2506.7025000000003,501340.5,62.300675221185664,54414.49999999997
941,33,29,2506.7025000000003,501340.5,62.300675221185664,54414.49999999997
942,33,30,2506.7025000000003,501340.5,62.300675221185664,54414.49999999997
943,33,31,2506.7025000000003,501340.5,62.300675221185664,54414.49999999997
944,33,32,2506.7025000000003,501340.5,62.300675221185664,54414.49999999997
945,33,33,2506.7025000000003,501340.5,62.300675221185664,54414.49999999997
946,33,34,2506.7025000000003,501340.5,62.300675221185664,54414.49999999997
947,33,35,2506.7025000000003,501340.5,62.300675221185664,54414.49999999997
948,33,36,2506.7025000000003,501340.5,62.300675221185664,54414.49999999997
949,33,37,2506.7025000000003,501340.5,62.300675221185664,54414.49999999997
950,33,38,2506.7025000000003,501340.5,62.300675221185664,54414.49999999997
951,33,39,2506.7025000000003,501340.5,62.300675221185664,54414.49999999997
952,34,6,2462.12375,492424.75,62.75006126302735,54414.500000000044
953,34,7,2462.12375,492424.75,62.75006126302735,54414.500000000044
954,34,8,2462.12375,492424.75,62.75006126302735,54414.500000000044
955,34,9,2462.12375,492424.75,62.75006126302735,54414.500000000044
956,34,10,2462.12375,492424.75,62.75006126302735,54414.500000000044
957,34,11,2462.12375,492424.75,62.75006126302735,54414.500000000044
958,34,12,2462.12375,492424.75,62.75006126302735,54414.500000000044
959,34,13,2462.12375,492424.75,62.75006126302735,54414.500000000044
960,34,14,2462.12375,492424.75,62.75006126302735,54414.500000000044
961,34,15,2462.12375,492424.75,62.75006126302735,54414.500000000044
962,34,16,2462.12375,492424.75,62.75006126302735,54414.500000000044
963,34,17,2462.12375,492424.75,62.75006126302735,54414.500000000044
964,34,18,2462.12375,492424.75,62.75006126302735,54414.500000000044
965,34,19,2462.12375,492424.75,62.75006126302735,54414.500000000044
966,34,20,2462.12375,492424.75,62.75006126302735,54414.500000000044
967,34,21,2462.12375,492424.75,62.75006126302735,54414.500000000044
968,34,22,2462.12375,492424.75,62.75006126302735,54414.500000000044
969,34,23,2462.12375,492424.75,62.75006126302735,54414.500000000044
970,34,24,2462.12375,492424.75,62.75006126302735,54414.500000000044
971,34,25,2462.12375,492424.75,62.75006126302735,54414.500000000044
972,34,26,2462.12375,492424.75,62.75006126302735,54414.500000000044
973,34,27,2462.12375,492424.75,62.75006126302735,54414.500000000044
974,34,28,2462.12375,492424.75,62.75006126302735,54414.500000000044
975,34,29,2462.12375,492424.75,62.75006126302735,54414.500000000044
976,34,30,2462.12375,492424.75,62.75006126302735,54414.500000000044
977,34,31,2462.12375,492424.75,62.75006126302735,54414.500000000044
978,34,32,2462.12375,492424.75,62.75006126302735,54414.500000000044
979,34,33,2462.12375,492424.75,62.75006126302735,54414.500000000044
980,34,34,2462.12375,492424.75,62.75006126302735,54414.500000000044
981,34,35,2462.12375,492424.75,62.75006126302735,54414.500000000044
982,34,36,2462.12375,492424.75,62.75006126302735,54414.500000000044
983,34,37,2462.12375,492424.75,62.75006126302735,54414.500000000044
984,34,38,2462.12375,492424.75,62.75006126302735,54414.500000000044
985,34,39,2462.12375,492424.75,62.75006126302735,54414.500000000044
986,35,6,2451.5750000000003,490315.0,63.45400203036466,55942.000000000175
987,35,7,2451.5750000000003,490315.0,63.45400203036466,55942.000000000175
988,35,8,2451.5750000000003,490315.0,63.45400203036466,55942.000000000175
989,35,9,2451.5750000000003,490315.0,63.45400203036466,55942.000000000175
990,35,10,2451.5750000000003,490315.0,63.45400203036466,55942.000000000175
991,35,11,2451.5750000000003,490315.0,63.45400203036466,55942.000000000175
992,35,12,2451.5750000000003,490315.0,63.45400203036466,55942.000000000175
993,35,13,2451.5750000000003,490315.0,63.45400203036466,55942.000000000175
994,35,14,2451.5750000000003,490315.0,63.45400203036466,55942.000000000175
995,35,15,2451.5750000000003,490315.0,63.45400203036466,55942.000000000175
996,35,16,2451.5750000000003,490315.0,63.45400203036466,55942.000000000175
997,35,17,2451.5750000000003,490315.0,63.45400203036466,55942.000000000175
998,35,18,2451.5750000000003,490315.0,63.45400203036466,55942.000000000175
999,35,19,2451.5750000000003,490315.0,63.45400203036466,55942.000000000175
1000,35,20,2451.5750000000003,490315.0,63.45400203036466,55942.000000000175
1001,35,21,2451.5750000000003,490315.0,63.45400203036466,55942.000000000175
1002,35,22,2451.5750000000003,490315.0,63.45400203036466,55942.000000000175
1003,35,23,2451.5750000000003,490315.0,63.45400203036466,55942.000000000175
1004,35,24,2451.5750000000003,490315.0,63.45400203036466,55942.000000000175
1005,35,25,2451.5750000000003,490315.0,63.45400203036466,55942.000000000175
1006,35,26,2451.5750000000003,490315.0,63.45400203036466,55942.000000000175
1007,35,27,2451.5750000000003,490315.0,63.45400203036466,55942.000000000175
1008,35,28,2451.5750000000003,490315.0,63.45400203036466,55942.000000000175
1009,35,29,2451.5750000000003,490315.0,63.45400203036466,55942.000000000175
1010,35,30,2451.5750000000003,490315.0,63.45400203036466,55942.000000000175
1011,35,31,2451.5750000000003,490315.0,63.45400203036466,55942.000000000175
1012,35,32,2451.5750000000003,490315.0,63.45400203036466,55942.000000000175
1013,35,33,2451.5750000000003,490315.0,63.45400203036466,55942.000000000175
1014,35,34,2451.5750000000003,490315.0,63.45400203036466,55942.000000000175
1015,35,35,2451.5750000000003,490315.0,63.45400203036466,55942.000000000175
1016,35,36,2451.5750000000003,490315.0,63.45400203036466,55942.000000000175
1017,35,37,2451.5750000000003,490315.0,63.45400203036466,55942.000000000175
1018,35,38,2451.5750000000003,490315.0,63.45400203036466,55942.000000000175
1019,35,39,2451.5750000000003,490315.0,63.45400203036466,55942.000000000175
1020,36,6,2437.4475,487489.5,68.25243427103248,58441.99999999992
1021,36,7,2437.4475,487489.5,68.25243427103248,58441.99999999992
1022,36,8,2437.4475,487489.5,68.25243427103248,58441.99999999992
1023,36,9,2437.4475,487489.5,68.25243427103248,58441.99999999992
1024,36,10,2437.4475,487489.5,68.25243427103248,58441.99999999992
1025,36,11,2437.4475,487489.5,68.25243427103248,58441.99999999992
1026,36,12,2437.4475,487489.5,68.25243427103248,58441.99999999992
1027,36,13,2437.4475,487489.5,68.25243427103248,58441.99999999992
1028,36,14,2437.4475,487489.5,68.25243427103248,58441.99999999992
1029,36,15,2437.4475,487489.5,68.25243427103248,58441.99999999992
1030,36,16,2437.4475,487489.5,68.25243427103248,58441.99999999992
1031,36,17,2437.4475,487489.5,68.25243427103248,58441.99999999992
1032,36,18,2437.4475,487489.5,68.25243427103248,58441.99999999992
1033,36,19,2437.4475,487489.5,68.25243427103248,58441.99999999992
1034,36,20,2437.4475,487489.5,68.25243427103248,58441.99999999992
1035,36,21,2437.4475,487489.5,68.25243427103248,58441.99999999992
1036,36,22,2437.4475,487489.5,68.25243427103248,58441.99999999992
1037,36,23,2437.4475,487489.5,68.25243427103248,58441.99999999992
1038,36,24,2437.4475,487489.5,68.25243427103248,58441.99999999992
1039,36,25,2437.4475,487489.5,68.25243427103248,58441.99999999992
1040,36,26,2437.4475,487489.5,68.25243427103248,58441.99999999992
1041,36,27,2437.4475,487489.5,68.25243427103248,58441.99999999992
1042,36,28,2437.4475,487489.5,68.25243427103248,58441.99999999992
1043,36,29,2437.4475,487489.5,68.25243427103248,58441.99999999992
1044,36,30,2437.4475,487489.5,68.25243427103248,58441.99999999992
1045,36,31,2437.4475,487489.5,68.25243427103248,58441.99999999992
1046,36,32,2437.4475,487489.5,68.25243427103248,58441.99999999992
1047,36,33,2437.4475,487489.5,68.25243427103248,58441.99999999992
1048,36,34,2437.4475,487489.5,68.25243427103248,58441.99999999992
1049,36,35,2437.4475,487489.5,68.25243427103248,58441.99999999992
1050,36,36,2437.4475,487489.5,68.25243427103248,58441.99999999992
1051,36,37,2437.4475,487489.5,68.25243427103248,58441.99999999992
1052,36,38,2437.4475,487489.5,68.25243427103248,58441.99999999992
1053,36,39,2437.4475,487489.5,68.25243427103248,58441.99999999992
1054,37,6,2481.94625,496389.25,58.48004877029971,51800.749999999956
1055,37,7,2481.94625,496389.25,58.48004877029971,51800.749999999956
1056,37,8,2481.94625,496389.25,58.48004877029971,51800.749999999956
1057,37,9,2481.94625,496389.25,58.48004877029971,51800.749999999956
1058,37,10,2481.94625,496389.25,58.48004877029971,51800.749999999956
1059,37,11,2481.94625,496389.25,58.48004877029971,51800.749999999956
1060,37,12,2481.94625,496389.25,58.48004877029971,51800.749999999956
1061,37,13,2481.94625,496389.25,58.48004877029971,51800.749999999956
1062,37,14,2481.94625,496389.25,58.48004877029971,51800.749999999956
1063,37,15,2481.94625,496389.25,58.48004877029971,51800.749999999956
1064,37,16,2481.94625,496389.25,58.48004877029971,51800.749999999956
1065,37,17,2481.94625,496389.25,58.48004877029971,51800.749999999956
1066,37,18,2481.94625,496389.25,58.48004877029971,51800.749999999956
1067,37,19,2481.94625,496389.25,58.48004877029971,51800.749999999956
1068,37,20,2481.94625,496389.25,58.48004877029971,51800.749999999956
1069,37,21,2481.94625,496389.25,58.48004877029971,51800.749999999956
1070,37,22,2481.94625,496389.25,58.48004877029971,51800.749999999956
1071,37,23,2481.94625,496389.25,58.48004877029971,51800.749999999956
1072,37,24,2481.94625,496389.25,58.48004877029971,51800.749999999956
1073,37,25,2481.94625,496389.25,58.48004877029971,51800.749999999956
1074,37,26,2481.94625,496389.25,58.48004877029971,51800.749999999956
1075,37,27,2481.94625,496389.25,58.48004877029971,51800.749999999956
1076,37,28,2481.94625,496389.25,58.48004877029971,51800.749999999956
1077,37,29,2481.94625,496389.25,58.48004877029971,51800.749999999956
1078,37,30,2481.94625,496389.25,58.48004877029971,51800.749999999956
1079,37,31,2481.94625,496389.25,58.48004877029971,51800.749999999956
1080,37,32,2481.94625,496389.25,58.48004877029971,51800.749999999956
1081,37,33,2481.94625,496389.25,58.48004877029971,51800.749999999956
1082,37,34,2481.94625,496389.25,58.48004877029971,51800.749999999956
1083,37,35,2481.94625,496389.25,58.48004877029971,51800.749999999956
1084,37,36,2481.94625,496389.25,58.48004877029971,51800.749999999956
1085,37,37,2481.94625,496389.25,58.48004877029971,51800.749999999956
1086,37,38,2481.94625,496389.25,58.48004877029971,51800.749999999956
1087,37,39,2481.94625,496389.25,58.48004877029971,51800.749999999956
1088,38,6,2467.815,493563.0,57.014278127691334,51800.749999999905
1089,38,7,2467.815,493563.0,57.014278127691334,51800.749999999905
1090,38,8,2467.815,493563.0,57.014278127691334,51800.749999999905
1091,38,9,2467.815,493563.0,57.014278127691334,51800.749999999905
1092,38,10,2467.815,493563.0,57.014278127691334,51800.749999999905
1093,38,11,2467.815,493563.0,57.014278127691334,51800.749999999905
1094,38,12,2467.815,493563.0,57.014278127691334,51800.749999999905
1095,38,13,2467.815,493563.0,57.014278127691334,51800.749999999905
1096,38,14,2467.815,493563.0,57.014278127691334,51800.749999999905
1097,38,15,2467.815,493563.0,57.014278127691334,51800.749999999905
1098,38,16,2467.815,493563.0,57.014278127691334,51800.749999999905
1099,38,17,2467.815,493563.0,57.014278127691334,51800.749999999905
1100,38,18,2467.815,493563.0,57.014278127691334,51800.749999999905
1101,38,19,2467.815,493563.0,57.014278127691334,51800.749999999905
1102,38,20,2467.815,493563.0,57.014278127691334,51800.749999999905
1103,38,21,2467.815,493563.0,57.014278127691334,51800.749999999905
1104,38,22,2467.815,493563.0,57.014278127691334,51800.749999999905
1105,38,23,2467.815,493563.0,57.014278127691334,51800.749999999905
1106,38,24,2467.815,493563.0,57.014278127691334,51800.749999999905
1107,38,25,2467.815,493563.0,57.014278127691334,51800.749999999905
1108,38,26,2467.815,493563.0,57.014278127691334,51800.749999999905
1109,38,27,2467.815,493563.0,57.014278127691334,51800.749999999905
1110,38,28,2467.815,493563.0,57.014278127691334,51800.749999999905
1111,38,29,2467.815,493563.0,57.014278127691334,51800.749999999905
1112,38,30,2467.815,493563.0,57.014278127691334,51800.749999999905
1113,38,31,2467.815,493563.0,57.014278127691334,51800.749999999905
1114,38,32,2467.815,493563.0,57.014278127691334,51800.749999999905
1115,38,33,2467.815,493563.0,57.014278127691334,51800.749999999905
1116,38,34,2467.815,493563.0,57.014278127691334,51800.749999999905
1117,38,35,2467.815,493563.0,57.014278127691334,51800.749999999905
1118,38,36,2467.815,493563.0,57.014278127691334,51800.749999999905
1119,38,37,2467.815,493563.0,57.014278127691334,51800.749999999905
1120,38,38,2467.815,493563.0,57.014278127691334,51800.749999999905
1121,38,39,2467.815,493563.0,57.014278127691334,51800.749999999905
1122,39,6,2493.65375,498730.75,51.32899114182341,48485.7500000002
1123,39,7,2493.65375,498730.75,51.32899114182341,48485.7500000002
1124,39,8,2493.65375,498730.75,51.32899114182341,48485.7500000002
1125,39,9,2493.65375,498730.75,51.32899114182341,48485.7500000002
1126,39,10,2493.65375,498730.75,51.32899114182341,48485.7500000002
1127,39,11,2493.65375,498730.75,51.32899114182341,48485.7500000002
1128,39,12,2493.65375,498730.75,51.32899114182341,48485.7500000002
1129,39,13,2493.65375,498730.75,51.32899114182341,48485.7500000002
1130,39,14,2493.65375,498730.75,51.32899114182341,48485.7500000002
1131,39,15,2493.65375,498730.75,51.32899114182341,48485.7500000002
1132,39,16,2493.65375,498730.75,51.32899114182341,48485.7500000002
1133,39,17,2493.65375,498730.75,51.32899114182341,48485.7500000002
1134,39,18,2493.65375,498730.75,51.32899114182341,48485.7500000002
1135,39,19,2493.65375,498730.75,51.32899114182341,48485.7500000002
1136,39,20,2493.65375,498730.75,51.32899114182341,48485.7500000002
1137,39,21,2493.65375,498730.75,51.32899114182341,48485.7500000002
1138,39,22,2493.65375,498730.75,51.32899114182341,48485.7500000002
1139,39,23,2493.65375,498730.75,51.32899114182341,48485.7500000002
1140,39,24,2493.65375,498730.75,51.32899114182341,48485.7500000002
1141,39,25,2493.65375,498730.75,51.32899114182341,48485.7500000002
1142,39,26,2493.65375,498730.75,51.32899114182341,48485.7500000002
1143,39,27,2493.65375,498730.75,51.32899114182341,48485.7500000002
1144,39,28,2493.65375,498730.75,51.32899114182341,48485.7500000002
1145,39,29,2493.65375,498730.75,51.32899114182341,48485.7500000002
1146,39,30,2493.65375,498730.75,51.32899114182341,48485.7500000002
1147,39,31,2493.65375,498730.75,51.32899114182341,48485.7500000002
1148,39,32,2493.65375,498730.75,51.32899114182341,48485.7500000002
1149,39,33,2493.65375,498730.75,51.32899114182341,48485.7500000002
1150,39,34,2493.65375,498730.75,51.32899114182341,48485.7500000002
1151,39,35,2493.65375,498730.75,51.32899114182341,48485.7500000002
1152,39,36,2493.65375,498730.75,51.32899114182341,48485.7500000002
1153,39,37,2493.65375,498730.75,51.32899114182341,48485.7500000002
1154,39,38,2493.65375,498730.75,51.32899114182341,48485.7500000002
1155,39,39,2493.65375,498730.75,51.32899114182341,48485.7500000002
