<?xml version="1.0" encoding="UTF-8" standalone="yes"?>
<ns2:ExportManifest xmlns:ns2="http://www.pentaho.com/schema/">
    <ExportManifestInformation exportDate="29-08-2019 12:00:54 IST" exportBy="admin" rootFolder="/" manifestVersion="2"/>
    <ExportManifestMetadata domainId="ITP.xmi" file="_datasources/metadata/ITP.xmi"/>
    <ExportManifestDatasource>
        <accessType>NATIVE</accessType>
        <accessTypeValue>NATIVE</accessTypeValue>
        <attributes>
            <entry>
                <key>PORT_NUMBER</key>
                <value>5432</value>
            </entry>
        </attributes>
        <changed>false</changed>
        <connectSql></connectSql>
        <connectionPoolingProperties/>
        <dataTablespace></dataTablespace>
        <databaseName>rgei</databaseName>
        <databasePort>5432</databasePort>
        <databaseType>
            <defaultDatabasePort>5432</defaultDatabasePort>
            <extraOptionsHelpUrl>http://jdbc.postgresql.org/documentation/83/connect.html#connection-parameters</extraOptionsHelpUrl>
            <name>PostgreSQL</name>
            <shortName>POSTGRESQL</shortName>
            <supportedAccessTypes>NATIVE</supportedAccessTypes>
            <supportedAccessTypes>ODBC</supportedAccessTypes>
            <supportedAccessTypes>JNDI</supportedAccessTypes>
        </databaseType>
        <extraOptions/>
        <extraOptionsOrder/>
        <forcingIdentifiersToLowerCase>false</forcingIdentifiersToLowerCase>
        <forcingIdentifiersToUpperCase>false</forcingIdentifiersToUpperCase>
        <hostname>localhost</hostname>
        <id>7580c812-2712-4897-b839-14ce8ad1bbff</id>
        <indexTablespace></indexTablespace>
        <informixServername></informixServername>
        <initialPoolSize>0</initialPoolSize>
        <maximumPoolSize>0</maximumPoolSize>
        <name>postgres</name>
        <partitioned>false</partitioned>
        <password>postgres</password>
        <quoteAllFields>false</quoteAllFields>
        <streamingResults>false</streamingResults>
        <username>postgres</username>
        <usingConnectionPool>true</usingConnectionPool>
        <usingDoubleDecimalAsSchemaTableSeparator>false</usingDoubleDecimalAsSchemaTableSeparator>
    </ExportManifestDatasource>
    <ExportManifestEntity path="">
        <ExportManifestProperty>
            <EntityMetaData name="" createdDate="2019-08-20T14:38:31.237+05:30" isFolder="true" path="" isHidden="false" isSchedulable="true" locale="en_US" title=""/>
        </ExportManifestProperty>
        <ExportManifestProperty>
            <EntityAcl>
                <aces>
                    <permissions>ALL</permissions>
                    <recipient>Administrator</recipient>
                    <recipientType>ROLE</recipientType>
                </aces>
                <entriesInheriting>false</entriesInheriting>
                <owner>pentahoRepoAdmin</owner>
                <ownerType>USER</ownerType>
            </EntityAcl>
        </ExportManifestProperty>
    </ExportManifestEntity>
    <ExportManifestEntity path="etc">
        <ExportManifestProperty>
            <EntityMetaData name="etc" createdDate="2019-08-20T14:38:31.325+05:30" isFolder="true" path="etc" isHidden="false" isSchedulable="true" locale="en_US" title="etc"/>
        </ExportManifestProperty>
        <ExportManifestProperty>
            <EntityAcl>
                <aces>
                    <permissions>READ</permissions>
                    <recipient>Authenticated</recipient>
                    <recipientType>ROLE</recipientType>
                </aces>
                <entriesInheriting>false</entriesInheriting>
                <owner>pentahoRepoAdmin</owner>
                <ownerType>USER</ownerType>
            </EntityAcl>
        </ExportManifestProperty>
    </ExportManifestEntity>
    <ExportManifestEntity path="home">
        <ExportManifestProperty>
            <EntityMetaData name="home" createdDate="2019-08-20T14:38:31.351+05:30" isFolder="true" path="home" isHidden="false" isSchedulable="true" locale="en_US" title="Home"/>
        </ExportManifestProperty>
        <ExportManifestProperty>
            <EntityAcl>
                <aces>
                    <permissions>READ</permissions>
                    <recipient>Authenticated</recipient>
                    <recipientType>ROLE</recipientType>
                </aces>
                <entriesInheriting>false</entriesInheriting>
                <owner>pentahoRepoAdmin</owner>
                <ownerType>USER</ownerType>
            </EntityAcl>
        </ExportManifestProperty>
    </ExportManifestEntity>
    <ExportManifestEntity path="home/admin">
        <ExportManifestProperty>
            <EntityMetaData name="admin" createdDate="2019-08-20T14:38:31.902+05:30" isFolder="true" path="home/admin" isHidden="false" isSchedulable="true" locale="en_US" title="admin"/>
        </ExportManifestProperty>
        <ExportManifestProperty>
            <EntityAcl>
                <aces>
                    <permissions>ALL</permissions>
                    <recipient>admin</recipient>
                    <recipientType>USER</recipientType>
                </aces>
                <entriesInheriting>false</entriesInheriting>
                <owner>admin</owner>
                <ownerType>USER</ownerType>
            </EntityAcl>
        </ExportManifestProperty>
    </ExportManifestEntity>
    <ExportManifestEntity path="home/pat">
        <ExportManifestProperty>
            <EntityMetaData name="pat" createdDate="2019-08-20T14:38:31.683+05:30" isFolder="true" path="home/pat" isHidden="false" isSchedulable="true" locale="en_US" title="pat"/>
        </ExportManifestProperty>
        <ExportManifestProperty>
            <EntityAcl>
                <aces>
                    <permissions>ALL</permissions>
                    <recipient>pat</recipient>
                    <recipientType>USER</recipientType>
                </aces>
                <entriesInheriting>false</entriesInheriting>
                <owner>pat</owner>
                <ownerType>USER</ownerType>
            </EntityAcl>
        </ExportManifestProperty>
    </ExportManifestEntity>
    <ExportManifestEntity path="home/suzy">
        <ExportManifestProperty>
            <EntityMetaData name="suzy" createdDate="2019-08-20T14:38:31.622+05:30" isFolder="true" path="home/suzy" isHidden="false" isSchedulable="true" locale="en_US" title="suzy"/>
        </ExportManifestProperty>
        <ExportManifestProperty>
            <EntityAcl>
                <aces>
                    <permissions>ALL</permissions>
                    <recipient>suzy</recipient>
                    <recipientType>USER</recipientType>
                </aces>
                <entriesInheriting>false</entriesInheriting>
                <owner>suzy</owner>
                <ownerType>USER</ownerType>
            </EntityAcl>
        </ExportManifestProperty>
    </ExportManifestEntity>
    <ExportManifestEntity path="home/tiffany">
        <ExportManifestProperty>
            <EntityMetaData name="tiffany" createdDate="2019-08-20T14:38:31.797+05:30" isFolder="true" path="home/tiffany" isHidden="false" isSchedulable="true" locale="en_US" title="tiffany"/>
        </ExportManifestProperty>
        <ExportManifestProperty>
            <EntityAcl>
                <aces>
                    <permissions>ALL</permissions>
                    <recipient>tiffany</recipient>
                    <recipientType>USER</recipientType>
                </aces>
                <entriesInheriting>false</entriesInheriting>
                <owner>tiffany</owner>
                <ownerType>USER</ownerType>
            </EntityAcl>
        </ExportManifestProperty>
    </ExportManifestEntity>
    <ExportManifestEntity path="public">
        <ExportManifestProperty>
            <EntityMetaData name="public" createdDate="2019-08-20T14:38:31.318+05:30" isFolder="true" path="public" isHidden="false" isSchedulable="true" locale="en_US" title="Public"/>
        </ExportManifestProperty>
        <ExportManifestProperty>
            <EntityAcl>
                <aces>
                    <permissions>READ</permissions>
                    <recipient>Authenticated</recipient>
                    <recipientType>ROLE</recipientType>
                </aces>
                <entriesInheriting>false</entriesInheriting>
                <owner>pentahoRepoAdmin</owner>
                <ownerType>USER</ownerType>
            </EntityAcl>
        </ExportManifestProperty>
    </ExportManifestEntity>
    <ExportManifestEntity path="public/ITP Dashboard">
        <ExportManifestProperty>
            <EntityMetaData name="ITP Dashboard" createdDate="2019-08-21T12:29:18.676+05:30" isFolder="true" path="public/ITP Dashboard" isHidden="false" isSchedulable="true" locale="en_US" title="ITP Dashboard"/>
        </ExportManifestProperty>
        <ExportManifestProperty>
            <EntityAcl>
                <entriesInheriting>true</entriesInheriting>
                <owner>admin</owner>
                <ownerType>USER</ownerType>
            </EntityAcl>
        </ExportManifestProperty>
    </ExportManifestEntity>
    <ExportManifestEntity path="public/ITP Dashboard/ITPDashboard.cda">
        <ExportManifestProperty>
            <EntityMetaData name="ITPDashboard.cda" createdDate="2019-08-21T13:08:04.781+05:30" isFolder="false" path="public/ITP Dashboard/ITPDashboard.cda" isHidden="false" isSchedulable="true" locale="en_US" title="ITPDashboard.cda"/>
        </ExportManifestProperty>
        <ExportManifestProperty>
            <EntityAcl>
                <entriesInheriting>true</entriesInheriting>
                <owner>admin</owner>
                <ownerType>USER</ownerType>
            </EntityAcl>
        </ExportManifestProperty>
    </ExportManifestEntity>
    <ExportManifestEntity path="public/ITP Dashboard/ITPDashboard.cdfde">
        <ExportManifestProperty>
            <EntityMetaData name="ITPDashboard.cdfde" createdDate="2019-08-21T12:40:41.405+05:30" isFolder="false" path="public/ITP Dashboard/ITPDashboard.cdfde" isHidden="false" isSchedulable="true" locale="en_US" title="ITPDashboard.cdfde"/>
        </ExportManifestProperty>
        <ExportManifestProperty>
            <EntityAcl>
                <entriesInheriting>true</entriesInheriting>
                <owner>admin</owner>
                <ownerType>USER</ownerType>
            </EntityAcl>
        </ExportManifestProperty>
    </ExportManifestEntity>
    <ExportManifestEntity path="public/ITP Dashboard/ITPDashboard.wcdf">
        <ExportManifestProperty>
            <EntityMetaData name="ITPDashboard.wcdf" createdDate="2019-08-21T12:40:41.287+05:30" isFolder="false" path="public/ITP Dashboard/ITPDashboard.wcdf" isHidden="false" isSchedulable="true" locale="en_US" description="ITPDashboard" title="ITPDashboard"/>
        </ExportManifestProperty>
        <ExportManifestProperty>
            <EntityAcl>
                <entriesInheriting>true</entriesInheriting>
                <owner>admin</owner>
                <ownerType>USER</ownerType>
            </EntityAcl>
        </ExportManifestProperty>
    </ExportManifestEntity>
    <ExportManifestEntity path="public/ITP Dashboard/css">
        <ExportManifestProperty>
            <EntityMetaData name="css" createdDate="2019-08-21T12:30:02.945+05:30" isFolder="true" path="public/ITP Dashboard/css" isHidden="false" isSchedulable="true" locale="en_US" title="css"/>
        </ExportManifestProperty>
        <ExportManifestProperty>
            <EntityAcl>
                <entriesInheriting>true</entriesInheriting>
                <owner>admin</owner>
                <ownerType>USER</ownerType>
            </EntityAcl>
        </ExportManifestProperty>
    </ExportManifestEntity>
    <ExportManifestEntity path="public/ITP Dashboard/css/custom.css">
        <ExportManifestProperty>
            <EntityMetaData name="custom.css" createdDate="2019-08-21T12:42:35.816+05:30" isFolder="false" path="public/ITP Dashboard/css/custom.css" isHidden="false" isSchedulable="true" locale="en_US" title="custom.css"/>
        </ExportManifestProperty>
        <ExportManifestProperty>
            <EntityAcl>
                <entriesInheriting>true</entriesInheriting>
                <owner>admin</owner>
                <ownerType>USER</ownerType>
            </EntityAcl>
        </ExportManifestProperty>
    </ExportManifestEntity>
    <ExportManifestEntity path="public/ITP Dashboard/js">
        <ExportManifestProperty>
            <EntityMetaData name="js" createdDate="2019-08-21T12:29:56.749+05:30" isFolder="true" path="public/ITP Dashboard/js" isHidden="false" isSchedulable="true" locale="en_US" title="js"/>
        </ExportManifestProperty>
        <ExportManifestProperty>
            <EntityAcl>
                <entriesInheriting>true</entriesInheriting>
                <owner>admin</owner>
                <ownerType>USER</ownerType>
            </EntityAcl>
        </ExportManifestProperty>
    </ExportManifestEntity>
    <ExportManifestEntity path="public/cde">
        <ExportManifestProperty>
            <EntityMetaData name="cde" createdDate="2019-08-20T14:38:34.899+05:30" isFolder="true" path="public/cde" isHidden="true" isSchedulable="true" locale="en_US" title="cde"/>
        </ExportManifestProperty>
        <ExportManifestProperty>
            <EntityAcl>
                <entriesInheriting>true</entriesInheriting>
                <owner>admin</owner>
                <ownerType>USER</ownerType>
            </EntityAcl>
        </ExportManifestProperty>
    </ExportManifestEntity>
    <ExportManifestEntity path="public/cde/components">
        <ExportManifestProperty>
            <EntityMetaData name="components" createdDate="2019-08-20T14:38:34.981+05:30" isFolder="true" path="public/cde/components" isHidden="false" isSchedulable="true" locale="en_US" title="components"/>
        </ExportManifestProperty>
        <ExportManifestProperty>
            <EntityAcl>
                <entriesInheriting>true</entriesInheriting>
                <owner>admin</owner>
                <ownerType>USER</ownerType>
            </EntityAcl>
        </ExportManifestProperty>
    </ExportManifestEntity>
    <ExportManifestEntity path="public/cde/styles">
        <ExportManifestProperty>
            <EntityMetaData name="styles" createdDate="2019-08-20T14:38:35.033+05:30" isFolder="true" path="public/cde/styles" isHidden="false" isSchedulable="true" locale="en_US" title="styles"/>
        </ExportManifestProperty>
        <ExportManifestProperty>
            <EntityAcl>
                <entriesInheriting>true</entriesInheriting>
                <owner>admin</owner>
                <ownerType>USER</ownerType>
            </EntityAcl>
        </ExportManifestProperty>
    </ExportManifestEntity>
    <ExportManifestEntity path="public/cde/templates">
        <ExportManifestProperty>
            <EntityMetaData name="templates" createdDate="2019-08-20T14:38:35.095+05:30" isFolder="true" path="public/cde/templates" isHidden="false" isSchedulable="true" locale="en_US" title="templates"/>
        </ExportManifestProperty>
        <ExportManifestProperty>
            <EntityAcl>
                <entriesInheriting>true</entriesInheriting>
                <owner>admin</owner>
                <ownerType>USER</ownerType>
            </EntityAcl>
        </ExportManifestProperty>
    </ExportManifestEntity>
    <ExportManifestEntity path="public/cde/templates/blueprint">
        <ExportManifestProperty>
            <EntityMetaData name="blueprint" createdDate="2019-08-20T14:38:35.147+05:30" isFolder="true" path="public/cde/templates/blueprint" isHidden="false" isSchedulable="true" locale="en_US" title="blueprint"/>
        </ExportManifestProperty>
        <ExportManifestProperty>
            <EntityAcl>
                <entriesInheriting>true</entriesInheriting>
                <owner>admin</owner>
                <ownerType>USER</ownerType>
            </EntityAcl>
        </ExportManifestProperty>
    </ExportManifestEntity>
    <ExportManifestEntity path="public/cde/templates/bootstrap">
        <ExportManifestProperty>
            <EntityMetaData name="bootstrap" createdDate="2019-08-20T14:38:35.197+05:30" isFolder="true" path="public/cde/templates/bootstrap" isHidden="false" isSchedulable="true" locale="en_US" title="bootstrap"/>
        </ExportManifestProperty>
        <ExportManifestProperty>
            <EntityAcl>
                <entriesInheriting>true</entriesInheriting>
                <owner>admin</owner>
                <ownerType>USER</ownerType>
            </EntityAcl>
        </ExportManifestProperty>
    </ExportManifestEntity>
    <ExportManifestEntity path="public/cde/widgets">
        <ExportManifestProperty>
            <EntityMetaData name="widgets" createdDate="2019-08-20T14:38:35.240+05:30" isFolder="true" path="public/cde/widgets" isHidden="false" isSchedulable="true" locale="en_US" title="widgets"/>
        </ExportManifestProperty>
        <ExportManifestProperty>
            <EntityAcl>
                <entriesInheriting>true</entriesInheriting>
                <owner>admin</owner>
                <ownerType>USER</ownerType>
            </EntityAcl>
        </ExportManifestProperty>
    </ExportManifestEntity>
    <ExportManifestEntity path="public/cde/widgets/sample.cda">
        <ExportManifestProperty>
            <EntityMetaData name="sample.cda" createdDate="2019-08-20T14:38:35.547+05:30" isFolder="false" path="public/cde/widgets/sample.cda" isHidden="false" isSchedulable="true" locale="en_US" title="sample.cda"/>
        </ExportManifestProperty>
        <ExportManifestProperty>
            <EntityAcl>
                <entriesInheriting>true</entriesInheriting>
                <owner>admin</owner>
                <ownerType>USER</ownerType>
            </EntityAcl>
        </ExportManifestProperty>
    </ExportManifestEntity>
    <ExportManifestEntity path="public/cde/widgets/sample.cdfde">
        <ExportManifestProperty>
            <EntityMetaData name="sample.cdfde" createdDate="2019-08-20T14:38:35.338+05:30" isFolder="false" path="public/cde/widgets/sample.cdfde" isHidden="false" isSchedulable="true" locale="en_US" title="sample.cdfde"/>
        </ExportManifestProperty>
        <ExportManifestProperty>
            <EntityAcl>
                <entriesInheriting>true</entriesInheriting>
                <owner>admin</owner>
                <ownerType>USER</ownerType>
            </EntityAcl>
        </ExportManifestProperty>
    </ExportManifestEntity>
    <ExportManifestEntity path="public/cde/widgets/sample.component.xml">
        <ExportManifestProperty>
            <EntityMetaData name="sample.component.xml" createdDate="2019-08-20T14:38:35.597+05:30" isFolder="false" path="public/cde/widgets/sample.component.xml" isHidden="false" isSchedulable="true" locale="en_US" title="sample.component.xml"/>
        </ExportManifestProperty>
        <ExportManifestProperty>
            <EntityAcl>
                <entriesInheriting>true</entriesInheriting>
                <owner>admin</owner>
                <ownerType>USER</ownerType>
            </EntityAcl>
        </ExportManifestProperty>
    </ExportManifestEntity>
    <ExportManifestEntity path="public/cde/widgets/sample.wcdf">
        <ExportManifestProperty>
            <EntityMetaData name="sample.wcdf" createdDate="2019-08-20T14:38:35.489+05:30" isFolder="false" path="public/cde/widgets/sample.wcdf" isHidden="false" isSchedulable="true" locale="en_US" title="sample.wcdf"/>
        </ExportManifestProperty>
        <ExportManifestProperty>
            <EntityAcl>
                <entriesInheriting>true</entriesInheriting>
                <owner>admin</owner>
                <ownerType>USER</ownerType>
            </EntityAcl>
        </ExportManifestProperty>
    </ExportManifestEntity>
    <ExportManifestEntity path="public/plugin-samples">
        <ExportManifestProperty>
            <EntityMetaData name="plugin-samples" createdDate="2019-08-20T14:38:38.573+05:30" isFolder="true" path="public/plugin-samples" isHidden="false" isSchedulable="true" locale="en_US" title="plugin-samples"/>
        </ExportManifestProperty>
        <ExportManifestProperty>
            <EntityAcl>
                <entriesInheriting>true</entriesInheriting>
                <owner>admin</owner>
                <ownerType>USER</ownerType>
            </EntityAcl>
        </ExportManifestProperty>
    </ExportManifestEntity>
    <ExportManifestEntity path="public/plugin-samples/cda">
        <ExportManifestProperty>
            <EntityMetaData name="cda" createdDate="2019-08-20T14:38:39.186+05:30" isFolder="true" path="public/plugin-samples/cda" isHidden="false" isSchedulable="true" locale="en_US" title="cda"/>
        </ExportManifestProperty>
        <ExportManifestProperty>
            <EntityAcl>
                <entriesInheriting>true</entriesInheriting>
                <owner>admin</owner>
                <ownerType>USER</ownerType>
            </EntityAcl>
        </ExportManifestProperty>
    </ExportManifestEntity>
    <ExportManifestEntity path="public/plugin-samples/cda/cdafiles">
        <ExportManifestProperty>
            <EntityMetaData name="cdafiles" createdDate="2019-08-20T14:38:39.241+05:30" isFolder="true" path="public/plugin-samples/cda/cdafiles" isHidden="false" isSchedulable="true" locale="en_US" title="cdafiles"/>
        </ExportManifestProperty>
        <ExportManifestProperty>
            <EntityAcl>
                <entriesInheriting>true</entriesInheriting>
                <owner>admin</owner>
                <ownerType>USER</ownerType>
            </EntityAcl>
        </ExportManifestProperty>
    </ExportManifestEntity>
    <ExportManifestEntity path="public/plugin-samples/cda/cdafiles/compoundJoin.cda">
        <ExportManifestProperty>
            <EntityMetaData name="compoundJoin.cda" createdDate="2019-08-20T14:38:39.283+05:30" isFolder="false" path="public/plugin-samples/cda/cdafiles/compoundJoin.cda" isHidden="false" isSchedulable="true" locale="en_US" title="compoundJoin"/>
        </ExportManifestProperty>
        <ExportManifestProperty>
            <EntityAcl>
                <entriesInheriting>true</entriesInheriting>
                <owner>admin</owner>
                <ownerType>USER</ownerType>
            </EntityAcl>
        </ExportManifestProperty>
    </ExportManifestEntity>
    <ExportManifestEntity path="public/plugin-samples/cda/cdafiles/scripting.cda">
        <ExportManifestProperty>
            <EntityMetaData name="scripting.cda" createdDate="2019-08-20T14:38:39.351+05:30" isFolder="false" path="public/plugin-samples/cda/cdafiles/scripting.cda" isHidden="false" isSchedulable="true" locale="en_US" title="scripting"/>
        </ExportManifestProperty>
        <ExportManifestProperty>
            <EntityAcl>
                <entriesInheriting>true</entriesInheriting>
                <owner>admin</owner>
                <ownerType>USER</ownerType>
            </EntityAcl>
        </ExportManifestProperty>
    </ExportManifestEntity>
    <ExportManifestEntity path="public/plugin-samples/cda/resources">
        <ExportManifestProperty>
            <EntityMetaData name="resources" createdDate="2019-08-20T14:38:39.432+05:30" isFolder="true" path="public/plugin-samples/cda/resources" isHidden="false" isSchedulable="true" locale="en_US" title="resources"/>
        </ExportManifestProperty>
        <ExportManifestProperty>
            <EntityAcl>
                <entriesInheriting>true</entriesInheriting>
                <owner>admin</owner>
                <ownerType>USER</ownerType>
            </EntityAcl>
        </ExportManifestProperty>
    </ExportManifestEntity>
    <ExportManifestEntity path="public/plugin-samples/cda/resources/ok.png">
        <ExportManifestProperty>
            <EntityMetaData name="ok.png" createdDate="2019-08-20T14:38:39.456+05:30" isFolder="false" path="public/plugin-samples/cda/resources/ok.png" isHidden="true" isSchedulable="true" locale="en_US" title="ok.png"/>
        </ExportManifestProperty>
        <ExportManifestProperty>
            <EntityAcl>
                <entriesInheriting>true</entriesInheriting>
                <owner>admin</owner>
                <ownerType>USER</ownerType>
            </EntityAcl>
        </ExportManifestProperty>
    </ExportManifestEntity>
    <ExportManifestEntity path="public/plugin-samples/pentaho-cdf-dd">
        <ExportManifestProperty>
            <EntityMetaData name="pentaho-cdf-dd" createdDate="2019-08-20T14:38:39.598+05:30" isFolder="true" path="public/plugin-samples/pentaho-cdf-dd" isHidden="false" isSchedulable="true" locale="en_US" title="pentaho-cdf-dd"/>
        </ExportManifestProperty>
        <ExportManifestProperty>
            <EntityAcl>
                <entriesInheriting>true</entriesInheriting>
                <owner>admin</owner>
                <ownerType>USER</ownerType>
            </EntityAcl>
        </ExportManifestProperty>
    </ExportManifestEntity>
    <ExportManifestEntity path="public/plugin-samples/pentaho-cdf-dd/embeddedSample">
        <ExportManifestProperty>
            <EntityMetaData name="embeddedSample" createdDate="2019-08-20T14:38:39.931+05:30" isFolder="true" path="public/plugin-samples/pentaho-cdf-dd/embeddedSample" isHidden="false" isSchedulable="true" locale="en_US" title="embeddedSample"/>
        </ExportManifestProperty>
        <ExportManifestProperty>
            <EntityAcl>
                <entriesInheriting>true</entriesInheriting>
                <owner>admin</owner>
                <ownerType>USER</ownerType>
            </EntityAcl>
        </ExportManifestProperty>
    </ExportManifestEntity>
    <ExportManifestEntity path="public/plugin-samples/pentaho-cdf-dd/embeddedSample/dashboard">
        <ExportManifestProperty>
            <EntityMetaData name="dashboard" createdDate="2019-08-20T14:38:39.956+05:30" isFolder="true" path="public/plugin-samples/pentaho-cdf-dd/embeddedSample/dashboard" isHidden="false" isSchedulable="true" locale="en_US" title="dashboard"/>
        </ExportManifestProperty>
        <ExportManifestProperty>
            <EntityAcl>
                <entriesInheriting>true</entriesInheriting>
                <owner>admin</owner>
                <ownerType>USER</ownerType>
            </EntityAcl>
        </ExportManifestProperty>
    </ExportManifestEntity>
    <ExportManifestEntity path="public/plugin-samples/pentaho-cdf-dd/embeddedSample/dashboard/sample.wcdf">
        <ExportManifestProperty>
            <EntityMetaData name="sample.wcdf" createdDate="2019-08-20T14:38:39.978+05:30" isFolder="false" path="public/plugin-samples/pentaho-cdf-dd/embeddedSample/dashboard/sample.wcdf" isHidden="false" isSchedulable="true" locale="en_US" title="sample.wcdf"/>
        </ExportManifestProperty>
        <ExportManifestProperty>
            <EntityAcl>
                <entriesInheriting>true</entriesInheriting>
                <owner>admin</owner>
                <ownerType>USER</ownerType>
            </EntityAcl>
        </ExportManifestProperty>
    </ExportManifestEntity>
    <ExportManifestEntity path="public/plugin-samples/pentaho-cdf-dd/legacy">
        <ExportManifestProperty>
            <EntityMetaData name="legacy" createdDate="2019-08-20T14:38:40.050+05:30" isFolder="true" path="public/plugin-samples/pentaho-cdf-dd/legacy" isHidden="false" isSchedulable="true" locale="en_US" title="legacy"/>
        </ExportManifestProperty>
        <ExportManifestProperty>
            <EntityAcl>
                <entriesInheriting>true</entriesInheriting>
                <owner>admin</owner>
                <ownerType>USER</ownerType>
            </EntityAcl>
        </ExportManifestProperty>
    </ExportManifestEntity>
    <ExportManifestEntity path="public/plugin-samples/pentaho-cdf-dd/legacy/images">
        <ExportManifestProperty>
            <EntityMetaData name="images" createdDate="2019-08-20T14:38:40.079+05:30" isFolder="true" path="public/plugin-samples/pentaho-cdf-dd/legacy/images" isHidden="false" isSchedulable="true" locale="en_US" title="images"/>
        </ExportManifestProperty>
        <ExportManifestProperty>
            <EntityAcl>
                <entriesInheriting>true</entriesInheriting>
                <owner>admin</owner>
                <ownerType>USER</ownerType>
            </EntityAcl>
        </ExportManifestProperty>
    </ExportManifestEntity>
    <ExportManifestEntity path="public/plugin-samples/pentaho-cdf-dd/legacy/images/button-contact.png">
        <ExportManifestProperty>
            <EntityMetaData name="button-contact.png" createdDate="2019-08-20T14:38:40.101+05:30" isFolder="false" path="public/plugin-samples/pentaho-cdf-dd/legacy/images/button-contact.png" isHidden="true" isSchedulable="true" locale="en_US" title="button-contact.png"/>
        </ExportManifestProperty>
        <ExportManifestProperty>
            <EntityAcl>
                <entriesInheriting>true</entriesInheriting>
                <owner>admin</owner>
                <ownerType>USER</ownerType>
            </EntityAcl>
        </ExportManifestProperty>
    </ExportManifestEntity>
    <ExportManifestEntity path="public/plugin-samples/pentaho-cdf-dd/legacy/images/panelTitleBg.png">
        <ExportManifestProperty>
            <EntityMetaData name="panelTitleBg.png" createdDate="2019-08-20T14:38:40.216+05:30" isFolder="false" path="public/plugin-samples/pentaho-cdf-dd/legacy/images/panelTitleBg.png" isHidden="true" isSchedulable="true" locale="en_US" title="panelTitleBg.png"/>
        </ExportManifestProperty>
        <ExportManifestProperty>
            <EntityAcl>
                <entriesInheriting>true</entriesInheriting>
                <owner>admin</owner>
                <ownerType>USER</ownerType>
            </EntityAcl>
        </ExportManifestProperty>
    </ExportManifestEntity>
    <ExportManifestEntity path="public/plugin-samples/pentaho-cdf-dd/legacy/images/x5.gif">
        <ExportManifestProperty>
            <EntityMetaData name="x5.gif" createdDate="2019-08-20T14:38:40.156+05:30" isFolder="false" path="public/plugin-samples/pentaho-cdf-dd/legacy/images/x5.gif" isHidden="true" isSchedulable="true" locale="en_US" title="x5.gif"/>
        </ExportManifestProperty>
        <ExportManifestProperty>
            <EntityAcl>
                <entriesInheriting>true</entriesInheriting>
                <owner>admin</owner>
                <ownerType>USER</ownerType>
            </EntityAcl>
        </ExportManifestProperty>
    </ExportManifestEntity>
    <ExportManifestEntity path="public/plugin-samples/pentaho-cdf-dd/realtime">
        <ExportManifestProperty>
            <EntityMetaData name="realtime" createdDate="2019-08-20T14:38:39.638+05:30" isFolder="true" path="public/plugin-samples/pentaho-cdf-dd/realtime" isHidden="false" isSchedulable="true" locale="en_US" title="realtime"/>
        </ExportManifestProperty>
        <ExportManifestProperty>
            <EntityAcl>
                <entriesInheriting>true</entriesInheriting>
                <owner>admin</owner>
                <ownerType>USER</ownerType>
            </EntityAcl>
        </ExportManifestProperty>
    </ExportManifestEntity>
    <ExportManifestEntity path="public/plugin-samples/pentaho-cdf-dd/realtime/real_time.cda">
        <ExportManifestProperty>
            <EntityMetaData name="real_time.cda" createdDate="2019-08-20T14:38:39.688+05:30" isFolder="false" path="public/plugin-samples/pentaho-cdf-dd/realtime/real_time.cda" isHidden="false" isSchedulable="true" locale="en_US" title="real_time"/>
        </ExportManifestProperty>
        <ExportManifestProperty>
            <EntityAcl>
                <entriesInheriting>true</entriesInheriting>
                <owner>admin</owner>
                <ownerType>USER</ownerType>
            </EntityAcl>
        </ExportManifestProperty>
    </ExportManifestEntity>
    <ExportManifestEntity path="public/plugin-samples/pentaho-cdf-dd/realtime/resources">
        <ExportManifestProperty>
            <EntityMetaData name="resources" createdDate="2019-08-20T14:38:39.778+05:30" isFolder="true" path="public/plugin-samples/pentaho-cdf-dd/realtime/resources" isHidden="false" isSchedulable="true" locale="en_US" title="resources"/>
        </ExportManifestProperty>
        <ExportManifestProperty>
            <EntityAcl>
                <entriesInheriting>true</entriesInheriting>
                <owner>admin</owner>
                <ownerType>USER</ownerType>
            </EntityAcl>
        </ExportManifestProperty>
    </ExportManifestEntity>
    <ExportManifestEntity path="public/plugin-samples/pentaho-cdf-dd/realtime/resources/js">
        <ExportManifestProperty>
            <EntityMetaData name="js" createdDate="2019-08-20T14:38:39.802+05:30" isFolder="true" path="public/plugin-samples/pentaho-cdf-dd/realtime/resources/js" isHidden="false" isSchedulable="true" locale="en_US" title="js"/>
        </ExportManifestProperty>
        <ExportManifestProperty>
            <EntityAcl>
                <entriesInheriting>true</entriesInheriting>
                <owner>admin</owner>
                <ownerType>USER</ownerType>
            </EntityAcl>
        </ExportManifestProperty>
    </ExportManifestEntity>
    <ExportManifestEntity path="public/plugin-samples/pentaho-cdf-dd/realtime/resources/js/real_time.js">
        <ExportManifestProperty>
            <EntityMetaData name="real_time.js" createdDate="2019-08-20T14:38:39.834+05:30" isFolder="false" path="public/plugin-samples/pentaho-cdf-dd/realtime/resources/js/real_time.js" isHidden="true" isSchedulable="true" locale="en_US" title="real_time.js"/>
        </ExportManifestProperty>
        <ExportManifestProperty>
            <EntityAcl>
                <entriesInheriting>true</entriesInheriting>
                <owner>admin</owner>
                <ownerType>USER</ownerType>
            </EntityAcl>
        </ExportManifestProperty>
    </ExportManifestEntity>
    <ExportManifestEntity path="public/plugin-samples/samples.png">
        <ExportManifestProperty>
            <EntityMetaData name="samples.png" createdDate="2019-08-20T14:38:38.884+05:30" isFolder="false" path="public/plugin-samples/samples.png" isHidden="true" isSchedulable="true" locale="en_US" title="samples.png"/>
        </ExportManifestProperty>
        <ExportManifestProperty>
            <EntityAcl>
                <entriesInheriting>true</entriesInheriting>
                <owner>admin</owner>
                <ownerType>USER</ownerType>
            </EntityAcl>
        </ExportManifestProperty>
    </ExportManifestEntity>
    <ExportManifestUser>
        <username>pat</username>
        <roles>Authenticated</roles>
        <roles>Business Analyst</roles>
        <password>{SHA-256}6945e8d414866ce6-1000-61516a2080043d13e3a38cbbe77f136f275c25ca03d20eccf1de6d9aa1953c47</password>
    </ExportManifestUser>
    <ExportManifestUser>
        <username>suzy</username>
        <roles>Authenticated</roles>
        <roles>Power User</roles>
        <password>{SHA-256}bd0e7cc8eae62f44-1000-ee7d7c30653b0352ed2a43dab674a262e9dd6e89c6ee47bb206cc79390e62478</password>
        <userSettings>
            <name>recent</name>
            <value>[{"fullPath":"/public/demo/ITPDashboard.wcdf","title":"ITPDashboard","lastUse":1566377235297}]</value>
        </userSettings>
    </ExportManifestUser>
    <ExportManifestUser>
        <username>admin</username>
        <roles>Authenticated</roles>
        <roles>Administrator</roles>
        <password>{SHA-256}37eaed92af7f6c2c-1000-bccb4717ecc20650a824271a8ba6c4a2f0f34f6defaa121cfe710c84438c6b94</password>
        <userSettings>
            <name>recent</name>
            <value>[{"fullPath":"/public/plugin-samples/pentaho-cdf-dd/embeddedSample/dashboard/sample.wcdf","title":"sample.wcdf","lastUse":1566370736036},{"fullPath":"/public/plugin-samples/cda/cdafiles/scripting.cda","title":"scripting","lastUse":1566370720368}]</value>
        </userSettings>
    </ExportManifestUser>
    <ExportManifestUser>
        <username>tiffany</username>
        <roles>Authenticated</roles>
        <roles>Report Author</roles>
        <password>{SHA-256}e93fdd241af30f80-1000-c05138202344c90da75bf6befc6c41f89dfd61ce6cadbcf325fb3c06ea89524e</password>
    </ExportManifestUser>
    <ExportManifestRole>
        <rolename>Power User</rolename>
        <permissions>org.pentaho.scheduler.manage</permissions>
        <permissions>org.pentaho.repository.read</permissions>
        <permissions>org.pentaho.security.publish</permissions>
        <permissions>org.pentaho.repository.create</permissions>
        <permissions>org.pentaho.repository.execute</permissions>
    </ExportManifestRole>
    <ExportManifestRole>
        <rolename>Authenticated</rolename>
        <permissions>org.pentaho.repository.read</permissions>
    </ExportManifestRole>
    <ExportManifestRole>
        <rolename>Business Analyst</rolename>
        <permissions>org.pentaho.security.publish</permissions>
    </ExportManifestRole>
    <ExportManifestRole>
        <rolename>Report Author</rolename>
        <permissions>org.pentaho.security.publish</permissions>
        <permissions>org.pentaho.scheduler.manage</permissions>
    </ExportManifestRole>
    <ExportManifestRole>
        <rolename>Anonymous</rolename>
    </ExportManifestRole>
    <ExportManifestMetaStore file="metastore.mzip">
        <name>singleDiServerInstance</name>
        <description>singleDiServerInstance</description>
    </ExportManifestMetaStore>
</ns2:ExportManifest>
